lemma,frequency,pos,example_tokens
person,826,NOUN,"person, persons"
Minister,823,PROPN,Minister
minister,807,NOUN,"minister, ministers, Ministers"
subsection,702,NOUN,"subsection, subsections"
Act,574,PROPN,Act
government,562,NOUN,"government, governments, Government, Governments"
section,537,NOUN,"section, sections"
make,508,VERB,"making, made, make, makes"
regulation,465,NOUN,"regulation, regulations, Regulations"
order,455,NOUN,"order, orders, ordered, ordering"
officer,435,NOUN,"officer, officers, Officer"
respect,404,NOUN,"respect, respecting, respects, Respect"
water,361,PROPN,"Water, water, waters"
Council,351,PROPN,Council
plan,350,NOUN,"plan, plans, Plans, planning"
land,310,NOUN,"land, Land, lands"
purpose,306,NOUN,"purposes, purpose"
Governor,296,PROPN,Governor
Canada,295,PROPN,Canada
agreement,294,NOUN,"agreement, agreements, Agreement"
area,290,NOUN,"area, Area, areas, Areas"
consider,263,VERB,"consider, considers, considering, considered"
jurisdiction,256,NOUN,"jurisdiction, jurisdictions"
court,250,NOUN,"court, Court"
require,243,VERB,"requires, required, require, requiring"
refer,228,VERB,"referred, refer, refers, referring"
power,222,NOUN,"powers, power, Powers"
include,219,VERB,"including, include, includes, included"
appoint,215,VERB,"appoint, appointed, appoints, appointing"
use,215,NOUN,"use, uses, used, using, Use"
substance,215,NOUN,"substance, substances, Substances"
authorize,213,VERB,"authorized, authorizing, authorize, authorizes"
have,213,VERB,"has, have, having, had"
species,202,NOUN,"species, Species"
authority,200,NOUN,"authority, authorities, Authority"
Lieutenant,197,PROPN,Lieutenant
may,195,PROPN,may
provide,189,VERB,"provides, provided, provide, providing"
specify,182,VERB,"specified, specify, specifying, specifies"
application,180,NOUN,"application, applications"
take,178,VERB,"take, taken, taking, took, takes"
designate,177,VERB,"designate, designated, designates, designating, Designated"
part,174,NOUN,"part, Part, parts"
time,174,NOUN,"time, times"
issue,173,VERB,"issued, issue, issuing, issues"
board,172,NOUN,"board, Board, boards"
permit,167,VERB,"permitted, permit, permits, permitting"
management,161,NOUN,"management, Management"
follow,160,VERB,"following, follows, followed, follow"
act,158,PROPN,"Act, act, acting, acts, acted"
assessment,158,NOUN,"assessment, assessments, Assessment"
control,157,NOUN,"control, controlling, Control, controlled, controls"
condition,156,NOUN,"condition, conditions"
conservation,154,NOUN,"conservation, Conservation"
information,150,NOUN,information
notice,149,NOUN,"notice, Notice"
product,147,NOUN,"product, products, Product"
accordance,144,NOUN,accordance
establish,142,VERB,"established, establish, establishing, establishes"
enter,142,VERB,"enter, entered, enters, entering"
wildlife,142,NOUN,wildlife
commission,140,NOUN,"commission, Commission"
inspector,137,NOUN,"inspector, inspectors, Inspector"
day,135,NOUN,"days, day"
vessel,135,NOUN,"vessels, vessel, Vessel"
relation,134,NOUN,relation
apply,134,VERB,"apply, applies, applying, applied"
subject,133,NOUN,"Subject, subject, subjects"
paragraph,133,NOUN,"paragraph, paragraphs"
fishery,133,NOUN,"fisheries, fishery"
agency,132,NOUN,"agencies, agency, Agency"
licence,132,NOUN,"licences, licence"
term,128,NOUN,"terms, term, Terms"
pay,126,VERB,"paying, paid, pay, pays"
fish,126,NOUN,"fishing, fish"
exercise,125,VERB,"exercise, exercised, exercising, exercises"
carry,123,VERB,"carries, carry, carried, carrying"
forest,123,NOUN,forest
certificate,120,NOUN,"certificate, certificates"
list,120,NOUN,"list, listed, List, Lists"
holder,119,NOUN,"holder, holders"
environment,116,PROPN,"Environment, environment"
direct,115,VERB,"directing, directed, direct, directs"
approval,114,NOUN,"approval, approvals"
do,114,VERB,"do, done, doing, did, does"
result,113,NOUN,"results, resulted, result, resulting"
duty,111,NOUN,"duties, duty"
request,108,VERB,"requested, request, requests, requesting"
action,106,NOUN,"action, actions, Actions"
activity,105,NOUN,"activity, activities"
amount,105,NOUN,"amount, amounts"
Majesty,103,NOUN,Majesty
right,102,NOUN,"right, Right, rights"
member,101,NOUN,"members, member"
case,101,NOUN,"case, cases"
cost,101,NOUN,"cost, costs, Costs"
set,100,VERB,"set, setting, sets"
review,100,NOUN,"review, reviewed, Review, reviewing, reviews"
committee,99,NOUN,"committee, committees, Committee"
decision,97,NOUN,"decisions, decision"
thing,97,NOUN,"thing, things"
be,96,VERB,"is, were, are, be, been"
give,96,VERB,"giving, given, give"
body,95,NOUN,"body, bodies"
offence,95,NOUN,"offences, offence"
determine,92,VERB,"determine, determines, determined, determining"
place,92,NOUN,"place, places, placed"
report,92,NOUN,"reports, report, reporting, reported"
provision,92,NOUN,"provision, provisions"
owner,91,NOUN,"owner, owners"
manager,90,NOUN,"manager, managers"
project,88,NOUN,"project, projects, projected"
nation,87,NOUN,"nation, Nation, nations"
effect,86,NOUN,"effect, effects"
period,85,NOUN,"period, periods"
work,85,NOUN,"works, work, working, worked"
party,85,NOUN,"parties, party, Parties, Party"
describe,84,VERB,"described, describing, describe, describes"
matter,84,NOUN,"matter, matters"
propose,84,VERB,"proposed, propose, proposes, proposing"
measure,84,NOUN,"measures, measure, Measures"
comptroller,84,NOUN,comptroller
Tsawwassen,84,PROPN,Tsawwassen
protection,83,NOUN,protection
manner,82,NOUN,manner
interest,82,NOUN,"interest, interests, Interest"
authorization,82,NOUN,"authorizations, authorization"
amend,81,NOUN,"amend, amended, amending"
province,81,NOUN,"province, provinces"
function,80,NOUN,"functions, function"
name,79,NOUN,"name, named, names, naming"
law,77,NOUN,"law, laws, Law"
opinion,77,NOUN,opinion
operation,75,NOUN,"operations, operation"
affect,74,VERB,"affect, affected, affecting"
safety,74,NOUN,"safety, Safety"
waste,74,VERB,"waste, wastes, Waste"
habitat,74,NOUN,"habitat, habitats"
file,73,VERB,"filed, file, files, filing"
prescribe,72,VERB,"prescribed, prescribe, prescribing, prescribes"
resource,70,NOUN,"resources, resource, Resource, Resources"
consult,69,VERB,"consulting, consulted, consult"
limit,69,NOUN,"limits, limit, limiting, limited"
believe,68,VERB,"believes, believe, believing"
recover,68,VERB,"recovered, recover"
year,68,NOUN,"year, years"
relate,68,VERB,"relating, relate, relates"
recommendation,68,NOUN,"recommendation, recommendations"
writing,67,NOUN,writing
property,67,NOUN,"property, properties, Property"
claim,67,NOUN,"claim, claims, Claims, claiming"
prepare,67,VERB,"prepare, prepared, preparing"
health,67,NOUN,health
grant,67,NOUN,"grant, granted, granting, grants"
amendment,66,NOUN,"amendment, amendments, Amendment"
submit,65,NOUN,"submits, submitted, submitting, submit"
facility,64,NOUN,"facilities, facility"
grounds,64,NOUN,grounds
commissioner,64,NOUN,"commissioner, commissioners, Commissioner, Commissioners"
approve,63,VERB,"approve, approved, approves, approving"
perform,63,VERB,"perform, performing, performs, performed"
delegate,62,VERB,"delegate, delegated, delegates"
form,61,NOUN,"form, forms, formed"
requirement,61,NOUN,"requirement, requirements"
park,61,NOUN,"park, parks"
range,61,PROPN,"Range, range"
enforcement,60,NOUN,enforcement
warrant,60,NOUN,warrant
Chief,60,PROPN,Chief
community,59,NOUN,"communities, community, Community"
change,59,NOUN,"changes, change, changing, changed"
consent,58,NOUN,"consent, consents"
office,58,NOUN,"office, offices"
road,58,NOUN,"roads, road"
circumstance,57,NOUN,"circumstances, circumstance"
regulator,57,NOUN,regulator
reserve,56,NOUN,"reserve, Reserve, reserving, reserves, reserved"
debt,56,NOUN,"debt, debts"
state,56,VERB,"stated, state, states, State"
Officer,56,NOUN,Officer
offer,56,VERB,"offer, offers, offered, offering"
dispose,55,VERB,"dispose, disposed, disposing"
damage,55,NOUN,"damage, damages, damaged"
seize,55,VERB,"seized, seize, seizes"
reference,54,NOUN,"reference, references, referenced"
administration,54,NOUN,"Administration, administration"
security,54,NOUN,"security, securities"
proceedings,54,NOUN,proceedings
service,53,NOUN,"services, service, Service"
company,53,NOUN,"company, companies"
charge,52,NOUN,"charge, charged, charges"
guardian,52,NOUN,"guardians, guardian"
hold,51,VERB,"hold, holds, held, holding"
railway,51,NOUN,"railway, Railway, railways"
class,49,NOUN,"class, classes, Class"
representative,49,NOUN,"representatives, representative"
district,49,NOUN,"district, districts"
Columbia,48,PROPN,Columbia
fee,48,NOUN,"fee, fees"
cancel,48,VERB,"cancelled, cancel, cancels, cancelling"
risk,48,NOUN,"risk, risks"
portion,48,NOUN,"portion, portions"
site,48,NOUN,"site, sites"
oil,48,NOUN,oil
comply,46,VERB,"comply, complies, complied, complying"
employee,46,NOUN,"employees, employee, Employees"
behalf,46,NOUN,behalf
record,45,NOUN,"records, recorded, record, recording"
schedule,45,NOUN,"Schedule, schedule, schedules, scheduled"
conduct,45,VERB,"conduct, conducts, conducting, conducted, Conduct"
shall,45,NOUN,shall
direction,45,NOUN,"direction, directions"
timber,45,NOUN,timber
consultation,44,NOUN,"consultation, consultations"
fail,44,VERB,"fails, failed, fail, Failing, failing"
force,44,NOUN,"force, forces"
pollution,44,PROPN,"Pollution, pollution"
expense,44,NOUN,"expenses, expense"
notify,44,VERB,"notify, notified, notifying"
department,44,PROPN,"Department, department, departments"
British,43,PROPN,British
constitute,43,VERB,"constitute, constitutes, constituted"
incur,43,NOUN,"incurs, incurred, incur"
lands,42,NOUN,lands
agree,42,VERB,"agreed, agrees, agree"
emergency,41,NOUN,"emergency, emergencies"
date,41,NOUN,"dates, dated, date, Date"
Agency,41,PROPN,Agency
fishing,41,NOUN,"fishing, Fishing"
protect,41,VERB,"protect, protected, protecting, Protected, Protecting"
release,41,NOUN,"release, releases, released"
remove,40,VERB,"remove, removing, removed"
add,40,VERB,"adding, add, added, adds"
obtain,40,VERB,"obtaining, obtain, obtained, obtains"
Crown,40,PROPN,Crown
money,40,NOUN,"money, Money"
title,39,NOUN,"Title, title, titles"
maintain,39,VERB,"maintain, maintained, maintaining, maintains"
publish,39,VERB,"published, publish, publishes, publishing"
municipality,38,NOUN,"municipality, Municipality, municipalities"
treaty,37,PROPN,"Treaty, treaty"
write,37,VERB,"written, writing"
line,37,NOUN,"line, lines"
extent,37,NOUN,extent
compensation,37,NOUN,"compensation, Compensation"
bring,37,VERB,"brought, bring"
Regulator,37,PROPN,Regulator
account,37,NOUN,"account, accounts"
boundary,37,NOUN,"boundaries, boundary"
goods,37,NOUN,goods
rights,37,NOUN,"rights, Rights"
meet,36,VERB,"meet, meets, meeting, met"
find,36,VERB,"finds, found, finding"
governor,36,PROPN,"Governor, governor"
quality,36,NOUN,quality
exist,35,VERB,"exists, exist, existing"
contain,35,VERB,"containing, contains, contained, contain"
panel,35,NOUN,"panels, panel"
cause,35,VERB,"cause, causes, caused, causing"
register,35,VERB,"registered, register, Register"
recovery,35,NOUN,recovery
Vancouver,35,PROPN,Vancouver
dispute,35,VERB,"disputes, dispute, Disputes, Dispute"
receive,34,VERB,"receives, receiving, receive, received"
ensure,34,VERB,"ensure, ensuring"
canadian,34,PROPN,Canadian
handling,34,NOUN,handling
procedure,34,NOUN,"procedure, procedures"
director,34,NOUN,"directors, director"
stream,34,NOUN,"stream, streams"
value,33,NOUN,value
fisheries,33,PROPN,Fisheries
pipeline,33,NOUN,"pipeline, pipelines"
obligation,33,NOUN,"obligation, obligations"
process,32,NOUN,"process, processes"
proceeding,32,NOUN,"proceeding, proceedings, Proceeding"
parliament,32,NOUN,Parliament
development,32,NOUN,"development, developments, Development"
code,32,NOUN,"Code, codes, code"
possession,32,NOUN,possession
transport,32,PROPN,"Transport, transporting, transport, transported"
agent,32,NOUN,"agent, agents"
ministers,32,PROPN,"Ministers, ministers"
must,32,NOUN,must
become,32,VERB,"become, becomes, becoming"
engineer,32,NOUN,engineer
applicant,31,NOUN,applicant
disposition,31,NOUN,disposition
undertaking,31,NOUN,"undertaking, undertakings"
organism,31,NOUN,"organism, organisms"
vehicle,31,NOUN,"vehicle, vehicles, Vehicle"
Court,30,PROPN,Court
extend,30,VERB,"extended, extending, extend"
marine,30,NOUN,marine
organization,30,NOUN,"organizations, organization"
objective,30,NOUN,objectives
define,30,VERB,"defined, define"
impact,30,NOUN,"impact, impacts"
deal,30,VERB,"deal, dealing, dealt"
Commission,29,PROPN,Commission
compliance,29,NOUN,compliance
prevent,29,VERB,"prevents, prevent, preventing, prevented"
Energy,29,PROPN,Energy
expert,29,NOUN,"expert, experts"
deposit,29,NOUN,"deposit, deposited"
document,29,NOUN,"document, documents"
council,29,NOUN,"council, Council"
commit,29,VERB,"committed, committing, commit"
plant,29,NOUN,"plant, plants"
bylaw,28,NOUN,"bylaws, bylaw"
remedy,28,VERB,"remedy, remedies, remedying"
District,28,PROPN,District
prohibit,28,VERB,"prohibiting, prohibit, prohibited, prohibits"
Oceans,28,PROPN,Oceans
implement,28,VERB,"implementing, implement, implemented"
discharge,28,NOUN,"discharge, discharged, discharging"
undertake,28,VERB,"undertaken, undertake, undertakes, undertaking, undertook"
registration,28,NOUN,registration
enactment,27,NOUN,"enactment, enactments"
reason,27,NOUN,"reason, reasons"
loss,27,NOUN,loss
National,27,PROPN,National
maker,27,NOUN,maker
disposal,26,NOUN,disposal
justice,26,NOUN,justice
whom,26,VERB,whom
construction,26,NOUN,construction
payment,26,NOUN,"payment, payments"
individual,26,NOUN,"individual, individuals"
registry,26,NOUN,registry
forester,26,NOUN,forester
sustainability,25,NOUN,sustainability
chair,25,NOUN,"chair, Chair, Chairs"
she,25,PROPN,Her
transfer,25,NOUN,"transfer, transferred, transfers, transferring"
harm,25,NOUN,harm
arrangement,25,NOUN,"arrangement, arrangements"
forfeit,25,VERB,"forfeited, forfeit"
strategy,25,NOUN,"strategies, strategy"
diversion,25,NOUN,"diversion, diversions, Diversion"
first,25,PROPN,First
addition,24,NOUN,addition
question,24,NOUN,"questions, question"
impos,24,VERB,"imposes, imposed, imposing"
judgment,24,NOUN,judgment
description,24,NOUN,description
avoid,24,VERB,"avoid, avoiding"
Wildlife,24,PROPN,Wildlife
suspend,24,NOUN,"suspend, suspended, suspending, suspends"
copy,24,NOUN,"copy, copying, copies"
continue,24,VERB,"continue, continued, continuing, continues"
investigation,24,NOUN,"investigation, Investigation, investigations"
confer,24,VERB,"conferred, confer"
locate,24,VERB,"locate, located"
mine,24,NOUN,"mine, mines"
delete,24,VERB,"delete, deleting, deleted"
landscape,24,NOUN,landscape
appointment,23,NOUN,"appointment, appointments"
c,23,NOUN,c
determination,23,NOUN,determination
penalty,23,NOUN,penalty
impose,23,VERB,"impose, imposing"
ministry,23,NOUN,ministry
Public,23,NOUN,Public
navigation,23,NOUN,navigation
spill,23,NOUN,spill
accept,23,VERB,"accept, accepted"
assess,23,NOUN,"assessing, assess, assessed"
living,23,NOUN,living
obstruction,23,NOUN,"obstruction, obstructions"
stewardship,23,NOUN,stewardship
contravention,22,NOUN,"contravention, contraventions"
zone,22,NOUN,zone
Park,22,PROPN,Park
delay,22,NOUN,delay
ship,22,NOUN,"ship, ships"
designation,21,NOUN,designation
Land,21,NOUN,Land
proceed,21,VERB,"proceed, proceeds, proceeding"
remediation,21,NOUN,remediation
limitation,21,NOUN,"limitation, limitations"
fund,21,NOUN,"funds, fund, Fund, funded, funding"
Lands,21,PROPN,Lands
sea,21,NOUN,sea
premise,21,NOUN,premises
manage,21,VERB,"manage, managed, manages, managing"
unit,21,NOUN,unit
operator,21,NOUN,operator
resolution,21,NOUN,"resolution, resolutions"
governing,21,NOUN,governing
highway,21,NOUN,"highway, highways"
auditor,21,NOUN,auditor
Forest,21,PROPN,Forest
greater,21,PROPN,Greater
oath,20,NOUN,"oath, oaths"
recommend,20,VERB,"recommend, recommended, recommends, recommending"
people,20,NOUN,"people, peoples"
territory,20,NOUN,"Territories, territory"
responsibility,20,NOUN,"responsibility, responsibilities"
exemption,20,NOUN,exemption
material,20,NOUN,"material, materials"
prevention,20,NOUN,prevention
initiate,20,VERB,"initiate, initiated"
relief,20,NOUN,relief
audit,19,NOUN,"audits, audit"
appeal,19,NOUN,"appeal, appealed"
Service,19,NOUN,"Service, Services"
operate,19,VERB,"operate, operating, operated"
establishment,19,NOUN,"establishment, Establishment"
employ,19,VERB,"employed, employing, employ"
specified,19,VERB,specified
publication,19,NOUN,"publication, publications"
Northwest,19,PROPN,Northwest
General,19,PROPN,General
pass,19,VERB,"passes, pass, passed"
standard,19,NOUN,"standards, standard"
Gazette,19,PROPN,Gazette
inspection,19,NOUN,"inspection, inspections"
practice,19,NOUN,"practice, practices"
domestic,19,PROPN,Domestic
sale,19,NOUN,"sale, sales"
stock,19,PROPN,"Stocks, stocks, stock"
retain,18,VERB,"retain, retained"
hearing,18,NOUN,"hearing, hearings"
hear,18,VERB,"hear, heard, hearing"
deputy,18,NOUN,"deputy, Deputy"
house,18,NOUN,"House, house"
destroy,18,VERB,"destroy, destroys, destroyed"
lot,18,NOUN,"lots, lot"
registrar,18,NOUN,"registrars, registrar"
satisfied,18,VERB,satisfied
indicate,18,VERB,"indicating, indicated, indicate, indicates"
reduce,18,VERB,"reducing, reduce, reduced"
division,18,NOUN,"Division, division"
registrant,18,NOUN,registrant
decide,17,VERB,"decide, deciding, decides"
definition,17,NOUN,definition
deliver,17,VERB,"deliver, delivered, delivering"
base,17,VERB,"based, base"
Parks,17,PROPN,Parks
search,17,VERB,search
lease,17,NOUN,"leases, lease"
factor,17,NOUN,"factor, factors"
appear,17,VERB,"appears, appear, appearing"
know,17,VERB,"known, knows, know"
program,17,NOUN,"programs, program"
administer,17,VERB,"administering, administers, administer, administered"
evidence,17,NOUN,evidence
flow,17,NOUN,"flow, flowing"
cut,17,NOUN,"cut, cuts"
side,17,NOUN,side
exempt,16,VERB,"exempt, exempting"
d,16,PROPN,d
arise,16,VERB,"arising, arise, arises"
keep,16,VERB,"kept, keep"
commence,16,VERB,"commence, commenced, commencing"
come,16,VERB,"coming, comes"
return,16,NOUN,"returns, returning, return, returned"
supply,16,NOUN,"supply, supplied, supplying"
gas,16,NOUN,"gas, gases"
corporation,16,NOUN,"corporation, corporations"
stand,16,NOUN,"stands, standing, stand"
seizure,16,NOUN,seizure
wood,16,PROPN,"Wood, wood"
show,16,VERB,"shown, show, showing, shows"
benefit,16,NOUN,"benefit, benefiting"
occur,16,VERB,"occurring, occurs, occurred"
own,16,VERB,"owned, own, owning"
month,16,NOUN,"months, month"
acquire,16,VERB,"acquires, acquired, acquire, acquiring"
complete,16,VERB,"completing, complete, completes, completed"
disclose,16,VERB,"disclose, disclosed"
removal,16,NOUN,"removal, Removal"
proponent,16,NOUN,proponent
harvest,16,VERB,"harvest, harvested, harvesting"
pest,16,NOUN,pest
bird,16,NOUN,"birds, Birds, bird"
aquifer,16,NOUN,"aquifer, aquifers"
b,15,NOUN,"b, B"
engage,15,VERB,"engaging, engaged, engages, engage"
study,15,NOUN,"studies, study"
restrict,15,VERB,"restricting, restrict, restricted"
access,15,NOUN,access
statement,15,NOUN,statement
inquiry,15,NOUN,inquiry
production,15,NOUN,production
pool,15,NOUN,pool
sue,15,VERB,"sued, sue"
Federal,15,PROPN,Federal
construct,15,VERB,"construct, constructed, constructing"
e,15,NOUN,e
structure,15,NOUN,"structure, structures"
repair,15,VERB,"repair, repairing, repaired"
United,15,PROPN,United
post,14,VERB,"post, posted, posting"
rate,14,NOUN,"rates, rate"
achieve,14,VERB,"achieve, achieved"
research,14,NOUN,research
system,14,NOUN,"system, systems"
advise,14,VERB,"advise, advises, advised"
warden,14,NOUN,"wardens, warden"
way,14,NOUN,"way, ways"
Her,14,PROPN,Her
sign,14,VERB,"signed, sign"
declaration,14,NOUN,declaration
heritage,14,NOUN,"Heritage, heritage"
territories,14,PROPN,Territories
stop,14,VERB,"stop, stopped, stopping"
cease,14,NOUN,"cease, ceases, ceased"
event,14,NOUN,event
danger,14,NOUN,danger
submission,14,NOUN,"submission, submissions"
offender,14,NOUN,offender
convention,14,NOUN,"convention, Convention"
Department,14,PROPN,Department
sell,14,VERB,"sell, sold, sells"
cooperation,14,NOUN,cooperation
animal,14,NOUN,"animal, animals"
practices,14,PROPN,Practices
identify,14,VERB,"identified, identifies, identify"
States,14,PROPN,States
profile,14,NOUN,"profiles, profile"
conservancy,14,NOUN,"conservancies, conservancy"
mean,13,VERB,means
veterinarian,13,NOUN,"veterinarian, veterinarians"
filing,13,NOUN,filing
rule,13,NOUN,rules
improvement,13,NOUN,"improvements, improvement"
revise,13,VERB,"revised, revise"
superintendent,13,NOUN,superintendent
except,13,PROPN,"Except, except"
knowledge,13,NOUN,knowledge
respecte,13,VERB,respecting
peace,13,NOUN,peace
opportunity,13,NOUN,"opportunities, opportunity"
declare,13,VERB,"declare, declaring, declares, declared"
drilling,13,VERB,drilling
produce,13,VERB,"producing, produce, produces, produced"
intend,13,VERB,"intends, intended"
allow,13,VERB,"allow, allowing, allowed, allows"
Tribunal,13,PROPN,Tribunal
incorporate,13,VERB,"incorporate, incorporated"
concern,13,NOUN,"concern, concerning, concerns"
regard,13,NOUN,"regard, regarding"
lie,13,VERB,"lying, lies"
alteration,13,NOUN,alteration
Charter,13,PROPN,Charter
drink,13,VERB,drinking
arbitration,13,NOUN,arbitration
contaminate,13,VERB,contaminated
recreation,13,NOUN,recreation
re-evaluation,13,NOUN,"re-evaluation, re-evaluations"
enable,12,VERB,"enable, enabling"
initiative,12,NOUN,"initiative, initiatives"
persons,12,NOUN,persons
adopt,12,VERB,"adopt, adopted, adopts"
Supreme,12,PROPN,Supreme
table,12,VERB,"tabled, table"
policy,12,NOUN,"policy, policies"
aspect,12,NOUN,"aspect, aspects, Aspects"
classis,12,NOUN,classes
reach,12,VERB,"reached, reach"
chairperson,12,NOUN,"Chairperson, chairperson"
quantity,12,NOUN,"quantities, quantity"
deem,12,VERB,"deems, deemed, deem"
equipment,12,NOUN,equipment
traffic,12,NOUN,traffic
interfere,12,VERB,"interfere, interferes"
guideline,12,NOUN,"guidelines, guideline"
import,12,VERB,"imported, import, importing"
country,12,NOUN,country
refuse,12,VERB,"refuse, refusing, refused, refuses"
book,12,NOUN,"books, book"
resolve,12,VERB,"resolved, resolve, resolving"
Sewerage,12,PROPN,Sewerage
Drainage,12,PROPN,Drainage
means,12,NOUN,means
COSEWIC,12,PROPN,COSEWIC
firearm,12,NOUN,"firearm, firearms"
contraven,11,VERB,"contravened, contravening"
discretion,11,NOUN,discretion
Agricultural,11,PROPN,Agricultural
liability,11,NOUN,"liability, Liability, liabilities"
regional,11,PROPN,Regional
implementation,11,NOUN,"implementation, Implementation"
fix,11,VERB,"fixed, fixes, fix"
pose,11,VERB,"poses, posed, pose, posing"
prescribed,11,VERB,prescribed
assist,11,VERB,"assist, assisting"
response,11,NOUN,response
handle,11,VERB,"handling, handled, handle"
business,11,NOUN,business
expiry,11,NOUN,expiry
failure,11,NOUN,failure
export,11,VERB,"exported, export"
industry,11,NOUN,industry
limiting,11,VERB,limiting
entity,11,NOUN,"entity, entities"
energy,11,NOUN,energy
license,11,NOUN,"licensing, licensed, licenses"
chief,11,NOUN,chief
negotiate,10,VERB,"negotiated, negotiate"
facilitate,10,VERB,"facilitated, facilitate"
collect,10,VERB,"collects, collecting, collect, collected"
inspect,10,VERB,"inspected, inspect, inspecting"
provincial,10,PROPN,Provincial
performance,10,NOUN,performance
Transport,10,PROPN,Transport
entitle,10,VERB,"entitled, entitle"
maintenance,10,NOUN,"Maintenance, maintenance"
level,10,NOUN,"levels, level"
renew,10,NOUN,"renew, renewed"
location,10,NOUN,"location, locations"
intention,10,NOUN,intention
leave,10,NOUN,"leave, leaving"
increase,10,VERB,"increase, increasing, increased"
f,10,NOUN,f
connect,10,VERB,"connected, connects, connecting"
Transportation,10,PROPN,Transportation
interests,10,NOUN,interests
revoke,10,VERB,revoke
convict,10,VERB,"convicted, convicting"
receipt,10,NOUN,receipt
move,10,NOUN,"moves, move, moved"
try,10,VERB,"tried, try"
seek,10,VERB,"seek, sought, seeking"
consideration,10,NOUN,"considerations, consideration"
connection,10,NOUN,"connection, connections"
labour,10,NOUN,labour
occurrence,10,NOUN,occurrence
sample,10,NOUN,"samples, sample"
Fish,10,PROPN,"Fish, Fishing"
meeting,10,VERB,"meeting, meetings"
mention,10,VERB,mentioned
threat,10,NOUN,"threat, threats"
participate,10,VERB,"participating, participate"
grow,10,VERB,"grow, growing"
care,10,NOUN,care
wreck,10,PROPN,"Wreck, wreck"
principle,9,NOUN,"principle, principles"
remuneration,9,NOUN,remuneration
permission,9,NOUN,permission
tax,9,NOUN,"taxes, tax, Tax"
alte,9,VERB,"altering, altered"
evaluate,9,VERB,"evaluate, evaluating"
satisfaction,9,NOUN,satisfaction
Committee,9,PROPN,Committee
mining,9,NOUN,mining
treat,9,VERB,"treating, treated"
determines,9,VERB,determines
operating,9,NOUN,operating
conclusion,9,NOUN,"conclusion, conclusions"
owners,9,NOUN,owners
exceed,9,VERB,"exceeding, exceed, exceeds"
omission,9,NOUN,"omission, omissions"
hazard,9,NOUN,hazard
life,9,NOUN,life
contract,9,VERB,"contracted, contract, Contracting, contracts"
ex,9,NOUN,ex
parte,9,NOUN,parte
loading,9,NOUN,loading
restore,9,VERB,"restore, restoring, restored, restores"
analyst,9,NOUN,"analyst, analysts"
advice,9,NOUN,advice
regulate,9,VERB,"regulated, regulate, regulates"
remain,9,VERB,"remains, remaining, remain"
preparation,9,NOUN,"preparations, preparation"
restriction,9,NOUN,"restrictions, restriction"
purchase,9,VERB,"purchased, purchase, purchases"
exchange,9,VERB,"exchange, exchanged"
analysis,9,NOUN,"analyses, analysis"
measurement,9,NOUN,"measurements, measurement"
liive,9,NOUN,living
importer,9,NOUN,importer
conform,9,VERB,"conform, conformed, conforms"
serve,9,VERB,"serving, served, serve"
judge,9,NOUN,judge
destruction,9,NOUN,destruction
subparagraph,9,NOUN,subparagraph
Area,9,PROPN,Area
forfeiture,9,NOUN,forfeiture
owe,9,VERB,"owing, owes"
mitigation,9,NOUN,mitigation
address,9,VERB,"address, addressed"
map,9,NOUN,"map, maps"
cooperate,9,VERB,cooperate
adverse,9,NOUN,adverse
International,9,PROPN,International
Joint,9,PROPN,Joint
Dominion,9,NOUN,Dominion
reservation,9,NOUN,"reservations, reservation"
ingredient,9,NOUN,"ingredient, ingredients"
threaten,9,VERB,threatened
Sustainability,8,NOUN,Sustainability
pleasure,8,NOUN,pleasure
settlement,8,NOUN,"settlement, Settlement"
bond,8,NOUN,"bond, bonds"
Nisg̱a,8,PROPN,Nisg̱a
'a,8,PROPN,'a
corporations,8,NOUN,"corporations, Corporations"
ecosystem,8,NOUN,"ecosystem, ecosystems"
evaluation,8,NOUN,"evaluation, evaluations"
planning,8,NOUN,planning
December,8,PROPN,December
Board,8,PROPN,Board
test,8,NOUN,"test, tests"
mitigate,8,VERB,"mitigating, mitigate"
injury,8,NOUN,injury
making,8,NOUN,making
Corporation,8,PROPN,Corporation
article,8,NOUN,"Article, article"
inform,8,VERB,"informed, inform"
detain,8,VERB,"detain, detained"
unloading,8,NOUN,unloading
institution,8,NOUN,"institution, institutions"
complaint,8,NOUN,complaint
accuse,8,VERB,accused
abandon,8,VERB,"abandoned, abandon"
river,8,NOUN,river
develop,8,VERB,"develop, developed, developing"
basis,8,NOUN,basis
platform,8,NOUN,platform
aircraft,8,NOUN,aircraft
institute,8,VERB,"instituted, institute"
custody,8,NOUN,custody
call,8,VERB,"called, call"
dik,8,VERB,diking
elect,8,VERB,"elect, elected"
price,8,NOUN,price
trustee,8,NOUN,"trustee, trustees"
administrator,8,NOUN,administrator
Auditor,8,PROPN,Auditor
revenue,8,NOUN,revenue
certainty,8,NOUN,certainty
out,8,NOUN,out
entry,8,NOUN,entry
Metro,8,PROPN,Metro
farm,8,NOUN,farm
vary,8,NOUN,vary
tree,8,NOUN,"tree, trees"
proposal,8,NOUN,proposal
cutting,8,VERB,cutting
President,8,PROPN,President
pesticide,8,NOUN,pesticide
arbitrator,8,NOUN,arbitrator
containment,8,NOUN,containment
transporting,8,NOUN,transporting
Institution,8,PROPN,Institution
constable,8,NOUN,constable
resident,7,NOUN,"resident, residents"
region,7,NOUN,"region, regions, Region"
cover,7,VERB,"covered, covering"
type,7,NOUN,"type, types"
official,7,NOUN,"official, officials"
completion,7,VERB,completion
spread,7,VERB,"spread, spreading"
net,7,NOUN,"net, nets"
Protection,7,PROPN,Protection
shipping,7,PROPN,"Shipping, shipping"
restoration,7,NOUN,restoration
town,7,NOUN,"Town, town"
wilderness,7,NOUN,wilderness
hunt,7,NOUN,"hunting, hunt"
confirm,7,VERB,"confirmed, confirm, confirming"
Assessment,7,PROPN,Assessment
issuance,7,NOUN,issuance
incurr,7,VERB,"incurring, incurred"
end,7,VERB,"ends, end"
assistance,7,NOUN,assistance
need,7,NOUN,"need, needed, needs"
master,7,NOUN,master
route,7,NOUN,route
fe,7,NOUN,"fees, Fees"
share,7,NOUN,"share, sharing"
dwelling,7,NOUN,dwelling
prescrib,7,VERB,prescribing
replacement,7,NOUN,replacement
dismiss,7,VERB,"dismiss, dismissed"
create,7,VERB,"creating, creates, created"
lead,7,VERB,"lead, Lead"
comment,7,NOUN,"comments, comment"
food,7,NOUN,"food, Food"
satisfy,7,VERB,satisfied
constitut,7,VERB,"constituting, constituted"
decommissioning,7,NOUN,decommissioning
verify,7,VERB,"verifying, verify"
drinking,7,VERB,drinking
extension,7,NOUN,extension
storage,7,NOUN,storage
reclamation,7,NOUN,reclamation
variance,7,NOUN,"variance, variances"
transportation,7,NOUN,"transportation, Transportation"
point,7,NOUN,"point, points"
gear,7,NOUN,gear
website,7,NOUN,website
component,7,NOUN,"component, components"
Harvest,7,PROPN,Harvest
discipline,7,NOUN,discipline
mediate,7,VERB,mediate
Province,6,PROPN,Province
examination,6,NOUN,examination
disease,6,NOUN,"disease, diseases"
roll,6,NOUN,"rolls, roll, rolling"
close,6,VERB,"closed, close"
consist,6,VERB,consisting
environmental,6,PROPN,Environmental
Waters,6,PROPN,Waters
examine,6,VERB,"examine, examined"
Marine,6,PROPN,Marine
situate,6,VERB,situated
priority,6,NOUN,priority
accompany,6,VERB,"accompanied, accompanying, accompany"
Notwithstand,6,VERB,Notwithstanding
Mackenzie,6,PROPN,Mackenzie
Valley,6,PROPN,Valley
resources,6,PROPN,Resources
occupation,6,NOUN,occupation
Surveyor,6,PROPN,Surveyor
represent,6,VERB,"represented, represent, representing"
internet,6,NOUN,Internet
delegation,6,NOUN,delegation
affair,6,NOUN,Affairs
suspension,6,NOUN,suspension
pertain,6,VERB,"pertaining, pertains, pertain"
favour,6,NOUN,favour
accident,6,NOUN,"accident, Accident"
death,6,NOUN,death
straddling,6,NOUN,straddling
render,6,VERB,"render, rendered"
port,6,NOUN,"port, ports"
mortgage,6,NOUN,mortgage
rem,6,NOUN,rem
position,6,NOUN,position
compose,6,VERB,"composed, composing"
investigate,6,VERB,"investigate, investigated, investigating"
begin,6,VERB,"begin, begins, beginning"
data,6,NOUN,data
suit,6,NOUN,"suits, suit"
would,6,VERB,d
lake,6,NOUN,lake
mineral,6,NOUN,"minerals, mineral, Mineral"
apparatus,6,NOUN,apparatus
January,6,PROPN,January
learn,6,VERB,learns
manufacture,6,VERB,"manufactured, manufacture"
suspect,6,VERB,suspect
prohibition,6,NOUN,"prohibition, prohibitions"
alter,6,NOUN,alter
engine,6,NOUN,"engine, engines"
air,6,NOUN,air
recovere,6,VERB,"recovered, recovering"
disclosure,6,NOUN,disclosure
realize,6,VERB,realized
State,6,PROPN,State
method,6,NOUN,"methods, method"
one,6,NOUN,"ones, one"
elector,6,NOUN,"electors, elector"
delivery,6,NOUN,delivery
off,6,NOUN,off
directive,6,NOUN,"directives, directive"
Treasury,6,PROPN,Treasury
immunity,6,NOUN,"immunities, immunity"
penalties,6,NOUN,"penalties, Penalties"
kind,6,NOUN,"kind, kinds"
police,6,NOUN,police
rent,6,NOUN,"rent, rented"
occupy,6,VERB,"occupying, occupy, occupied"
building,6,NOUN,"building, buildings"
designated,6,VERB,"designated, Designated"
nuclear,6,PROPN,Nuclear
interim,6,NOUN,interim
high,6,PROPN,High
grazing,6,NOUN,grazing
education,6,NOUN,education
derivative,6,NOUN,derivatives
track,6,NOUN,tracks
car,6,NOUN,"cars, car"
Nation,6,PROPN,Nation
clause,6,NOUN,"Clause, clause, clauses"
bailiff,6,NOUN,"bailiffs, bailiff"
precedence,6,NOUN,precedence
soil,5,NOUN,soil
fill,5,NOUN,"fill, filled"
covenant,5,NOUN,"covenant, covenants"
subdivision,5,NOUN,subdivision
cancellation,5,NOUN,cancellation
contravene,5,VERB,"contravene, contravenes"
fact,5,NOUN,"fact, facts"
powers,5,NOUN,powers
zones,5,NOUN,zones
comprise,5,VERB,"comprised, comprising"
absent,5,VERB,"absent, Absent"
expect,5,VERB,"expects, expected"
expire,5,VERB,"expires, expired"
determining,5,VERB,determining
inventory,5,NOUN,"inventory, inventories"
enlarge,5,VERB,"enlarging, enlarge"
monitoring,5,NOUN,monitoring
Prevention,5,PROPN,Prevention
entitled,5,VERB,entitled
arrest,5,NOUN,arrest
Queen,5,PROPN,Queen
preservation,5,NOUN,preservation
Advisory,5,PROPN,Advisory
nááts’,5,NOUN,Nááts’
ihch,5,NOUN,ihch
say,5,VERB,said
C,5,NOUN,C
Impact,5,PROPN,Impact
capacity,5,NOUN,capacity
Safety,5,PROPN,Safety
rank,5,NOUN,rank
spacing,5,NOUN,spacing
royalty,5,NOUN,royalty
support,5,VERB,"supporting, support, supports"
protocol,5,NOUN,protocol
g,5,NOUN,g
mortgagee,5,NOUN,mortgagee
harbour,5,NOUN,"harbours, harbour"
communication,5,NOUN,"communications, communication"
compensate,5,VERB,"compensated, compensate"
respond,5,VERB,"respond, responded"
summary,5,NOUN,summary
expiration,5,NOUN,expiration
public,5,NOUN,public
injunction,5,NOUN,injunction
methods,5,NOUN,methods
1984,5,PROPN,1984
legislation,5,NOUN,legislation
sampling,5,NOUN,"sampling, samplings"
Control,5,PROPN,Control
lack,5,VERB,lack
placement,5,NOUN,placement
secure,5,VERB,"secure, secured"
violation,5,NOUN,violation
receiver,5,PROPN,"Receiver, receiver"
dike,5,NOUN,"dike, dikes"
fulfil,5,VERB,"fulfilling, fulfilled"
parcel,5,NOUN,"parcel, parcels"
survey,5,NOUN,"surveys, survey"
borrowed,5,VERB,borrowed
debenture,5,NOUN,"debenture, debentures"
supplier,5,NOUN,supplier
occupier,5,NOUN,occupier
branch,5,NOUN,"branch, Branch"
certify,5,NOUN,"certifying, certifies, certified"
maximum,5,NOUN,"maximums, maximum"
well,5,NOUN,"well, wells"
sewage,5,NOUN,sewage
introduction,5,NOUN,introduction
enclosure,5,NOUN,enclosure
associate,5,VERB,associated
acquisition,5,NOUN,acquisition
Wildfire,5,PROPN,Wildfire
attach,5,VERB,"attach, attached"
deactivate,5,VERB,"deactivate, deactivated"
substitute,5,VERB,"substitute, substituting"
involve,5,VERB,involving
scope,5,NOUN,scope
county,5,NOUN,"county, counties"
members,5,NOUN,"members, Members"
survival,5,NOUN,survival
Migratory,5,PROPN,Migratory
residence,5,NOUN,residences
commercial,5,PROPN,Commercial
Arbitration,5,PROPN,Arbitration
conservatory,5,NOUN,conservatory
weed,5,NOUN,weeds
intent,4,NOUN,intent
subdivide,4,VERB,"subdivide, subdivided"
exclude,4,VERB,"excluded, excluding"
insurance,4,NOUN,insurance
Registrar,4,NOUN,Registrar
inquire,4,VERB,inquire
matters,4,NOUN,matters
transmit,4,VERB,"transmitted, transmit, transmits"
formula,4,NOUN,"formulas, formula"
union,4,NOUN,"Union, union"
merit,4,NOUN,merit
Taxation,4,NOUN,Taxation
April,4,PROPN,April
raising,4,NOUN,raising
ownership,4,NOUN,ownership
settle,4,VERB,"settled, settle"
progress,4,NOUN,progress
formulation,4,NOUN,formulation
Arctic,4,PROPN,Arctic
meaning,4,NOUN,meaning
Notwithstanding,4,NOUN,Notwithstanding
Banff,4,PROPN,Banff
Haida,4,PROPN,Haida
assignment,4,NOUN,assignment
adaptation,4,NOUN,adaptations
Petroleum,4,PROPN,Petroleum
store,4,VERB,"store, stored"
mark,4,VERB,"marked, mark, marks"
annex,4,NOUN,Annex
abandonment,4,NOUN,abandonment
sanction,4,NOUN,"sanction, sanctioned"
commencement,4,NOUN,commencement
continuation,4,NOUN,continuation
afford,4,VERB,afford
scale,4,NOUN,scale
shelf,4,NOUN,shelf
start,4,VERB,"start, started, starting"
field,4,NOUN,field
select,4,VERB,"select, selected"
modify,4,VERB,"modify, modifying"
calculate,4,VERB,"calculate, calculating, calculated"
harmonize,4,VERB,harmonizing
expensis,4,NOUN,expenses
boat,4,NOUN,boat
competency,4,NOUN,competency
promote,4,VERB,"promoting, promote, promotes"
Coast,4,PROPN,Coast
casualty,4,NOUN,casualty
effort,4,NOUN,efforts
preserve,4,VERB,"preserve, preserving, preserved"
treatment,4,NOUN,"treatment, treatments"
distribute,4,VERB,"distribute, distributed"
conclude,4,VERB,"conclude, concludes"
Appeal,4,PROPN,Appeal
regulated,4,VERB,regulated
reimburse,4,VERB,"reimburse, reimbursed"
reasons,4,NOUN,reasons
duplication,4,NOUN,duplication
bed,4,NOUN,"bed, beds"
correct,4,VERB,correct
suffer,4,VERB,"suffers, suffer, suffered"
monitor,4,NOUN,"monitoring, monitored, monitor"
Health,4,PROPN,Health
group,4,NOUN,group
instrument,4,NOUN,instrument
functioning,4,NOUN,functioning
manufacturer,4,NOUN,manufacturer
source,4,NOUN,source
course,4,NOUN,"courses, course"
refrain,4,VERB,refrain
possess,4,NOUN,"possess, possessed"
explicit,4,NOUN,explicit
confidentiality,4,NOUN,confidentiality
nature,4,NOUN,nature
rebuilding,4,NOUN,rebuilding
a,4,NOUN,"a, A"
bank,4,NOUN,bank
punishment,4,NOUN,punishment
absence,4,NOUN,absence
seal,4,PROPN,"Seal, seals, seal"
diking,4,NOUN,diking
clerk,4,NOUN,clerk
acting,4,VERB,acting
levy,4,VERB,"levied, levy"
ves,4,VERB,vested
bind,4,VERB,binding
cross,4,VERB,"crossed, crosses"
majority,4,NOUN,majority
enforce,4,VERB,"enforce, enforcing"
sum,4,NOUN,sum
situation,4,NOUN,situation
default,4,NOUN,default
owed,4,VERB,owed
omit,4,VERB,omitted
participating,4,VERB,participating
claimant,4,NOUN,claimant
accord,4,VERB,"according, accorded"
tribunal,4,NOUN,tribunal
consensus,4,NOUN,consensus
nations,4,NOUN,nations
deadline,4,NOUN,deadline
chapter,4,NOUN,"chapter, Chapter"
attempt,4,NOUN,attempt
allocation,4,NOUN,"allocation, Allocation, allocations"
motor,4,NOUN,motor
decline,4,VERB,"declined, decline"
pound,4,NOUN,pound
catch,4,VERB,"caught, catch"
season,4,NOUN,season
device,4,NOUN,"devices, device"
disruption,4,NOUN,disruption
coast,4,NOUN,coast
detention,4,NOUN,detention
ticket,4,NOUN,ticket
coordinate,4,VERB,"coordinate, coordinated"
send,4,NOUN,"sending, send"
enjoy,4,VERB,enjoy
privileges,4,NOUN,privileges
surrender,4,NOUN,surrender
assign,4,VERB,"assign, assigns, assigned"
petition,4,NOUN,petition
hay,4,VERB,hay
watershed,4,NOUN,"watersheds, watershed"
signature,4,NOUN,signature
number,4,NOUN,number
roster,4,NOUN,roster
j,4,PROPN,"j, J"
difference,4,NOUN,difference
stipulation,4,NOUN,"stipulations, stipulation"
criterion,4,NOUN,criteria
Ministry,4,PROPN,Ministry
permittee,4,NOUN,permittee
residue,4,NOUN,residue
Governance,4,PROPN,Governance
deviation,4,NOUN,deviation
advantage,4,NOUN,"advantage, advantages"
status,4,NOUN,status
sanctuary,4,NOUN,sanctuary
divert,4,VERB,"divert, diverted"
licensee,4,NOUN,licensee
alien,4,NOUN,alien
guide,4,NOUN,guide
note,3,NOUN,"note, notes"
minimize,3,VERB,"minimize, minimizes, minimizing"
deeme,3,VERB,"deeming, deemed"
taxation,3,NOUN,taxation
School,3,PROPN,School
replace,3,VERB,replace
requisition,3,VERB,"requisitioning, requisition"
vacancy,3,PROPN,"Vacancy, vacancy"
Police,3,PROPN,Police
hospital,3,NOUN,"hospital, Hospital"
distribution,3,NOUN,distribution
submerge,3,VERB,submerged
coastal,3,NOUN,coastal
zoning,3,NOUN,zoning
Contraventions,3,PROPN,Contraventions
pend,3,VERB,pending
outcome,3,NOUN,"outcome, outcomes"
integrity,3,NOUN,integrity
Jasper,3,PROPN,Jasper
participation,3,NOUN,participation
harvesting,3,VERB,harvesting
offshore,3,PROPN,Offshore
easement,3,NOUN,"easements, easement"
’oh,3,NOUN,’oh
May,3,PROPN,May
Islands,3,PROPN,Islands
design,3,NOUN,"design, designed"
rise,3,NOUN,rise
borne,3,VERB,borne
exploration,3,NOUN,exploration
surrogate,3,NOUN,surrogate
debris,3,NOUN,debris
dril,3,NOUN,drilling
up,3,NOUN,up
selection,3,NOUN,selection
submissions,3,NOUN,submissions
variation,3,NOUN,"variations, variation"
hour,3,NOUN,hours
conviction,3,NOUN,conviction
en,3,VERB,en
by,3,NOUN,by
discover,3,VERB,"discovers, discovering"
pollutant,3,NOUN,pollutant
belong,3,VERB,"belongs, belonging, belong"
identity,3,NOUN,identity
object,3,NOUN,"objects, object"
week,3,NOUN,"week, weeks"
criteria,3,NOUN,criteria
estimate,3,NOUN,"estimates, estimated"
arrange,3,VERB,arrange
governance,3,NOUN,governance
levie,3,NOUN,levies
die,3,NOUN,dies
beach,3,NOUN,beach
obstruct,3,VERB,obstruct
working,3,NOUN,working
ascertain,3,VERB,"ascertain, ascertained"
injure,3,VERB,"injure, injured"
negotiation,3,NOUN,"negotiation, negotiations"
exposure,3,NOUN,exposure
interpret,3,VERB,"interpreting, interpreted"
combination,3,NOUN,combination
satisfie,3,VERB,satisfied
alternative,3,NOUN,"alternatives, alternative"
human,3,NOUN,humans
incinerate,3,VERB,incinerate
particular,3,NOUN,particulars
preparedness,3,NOUN,"preparedness, Preparedness"
notification,3,NOUN,notification
accommodation,3,NOUN,"accommodation, Accommodation"
competence,3,NOUN,competence
objection,3,NOUN,"objection, objections"
present,3,VERB,"presenting, presented, presents"
rebuild,3,NOUN,"rebuilding, rebuild"
existence,3,NOUN,existence
dismantle,3,NOUN,dismantle
potential,3,NOUN,potential
rivers,3,NOUN,rivers
Regulatory,3,PROPN,Regulatory
Services,3,NOUN,Services
Great,3,PROPN,Great
preside,3,VERB,"preside, presides"
head,3,NOUN,head
Administration,3,PROPN,Administration
empower,3,VERB,"empower, empowered"
flood,3,VERB,"flooded, flood"
raise,3,VERB,"raise, raised"
collector,3,NOUN,collector
lessee,3,NOUN,"lessee, lessees"
think,3,VERB,thinks
secretary,3,NOUN,"secretary, secretaries"
assent,3,NOUN,assent
contemplate,3,VERB,contemplated
statutory,3,NOUN,statutory
calendar,3,NOUN,calendar
reservoir,3,NOUN,reservoir
petroleum,3,NOUN,petroleum
reflect,3,VERB,reflect
consultant,3,NOUN,consultants
content,3,NOUN,content
trust,3,PROPN,Trust
consolidate,3,VERB,"consolidated, consolidate"
professional,3,NOUN,"professional, Professional"
lay,3,VERB,"lay, laid"
scheme,3,NOUN,scheme
signal,3,VERB,signalled
driver,3,NOUN,driver
further,3,VERB,"further, furthers"
biology,3,NOUN,biology
quota,3,NOUN,"quotas, quota"
allocate,3,VERB,"allocated, allocate"
lobster,3,NOUN,lobsters
guard,3,NOUN,"guards, guard"
passage,3,NOUN,passage
frequent,3,VERB,frequented
estuary,3,NOUN,estuaries
contribution,3,NOUN,contributions
channel,3,NOUN,"channel, channels"
subdelegate,3,VERB,subdelegate
pulpwood,3,NOUN,pulpwood
written,3,VERB,written
despite,3,NOUN,"despite, Despite"
woodland,3,NOUN,woodland
dedicate,3,VERB,"dedicated, dedicate"
discontinue,3,VERB,"discontinued, discontinue"
govern,3,NOUN,"governing, governed"
proportion,3,NOUN,proportions
insect,3,NOUN,insects
Range,3,PROPN,Range
graze,3,VERB,"grazes, grazing"
funding,3,NOUN,funding
spend,3,VERB,"spent, spend"
directors,3,NOUN,directors
anticipate,3,VERB,"anticipate, anticipated"
conflict,3,NOUN,conflict
experience,3,NOUN,experience
terminate,3,VERB,"terminated, terminate"
Pest,3,NOUN,Pest
session,3,NOUN,"sessions, session"
witness,3,NOUN,witnesses
inhabitant,3,NOUN,inhabitants
River,3,PROPN,River
Ontario,3,PROPN,Ontario
contracting,3,NOUN,Contracting
indemnity,3,NOUN,indemnity
exception,3,NOUN,exceptions
get,3,VERB,"get, getting"
non-compliance,3,NOUN,non-compliance
convey,3,VERB,"conveyed, convey, conveying"
collaboration,3,NOUN,collaboration
recognition,3,PROPN,Recognition
Rouge,3,PROPN,Rouge
urban,3,PROPN,Urban
rely,3,VERB,rely
generality,3,NOUN,generality
prompt,3,VERB,"prompted, prompt"
exit,3,NOUN,exit
successor,3,NOUN,"successor, successors"
profession,3,NOUN,profession
siding,3,NOUN,"siding, sidings"
taking,3,NOUN,taking
delegating,3,NOUN,delegating
extirpated,3,VERB,extirpated
landowner,3,NOUN,landowners
listing,3,NOUN,listing
Tla'amin,3,PROPN,Tla'amin
mediation,3,NOUN,mediation
Forests,3,PROPN,Forests
standardize,3,VERB,standardized
endanger,3,VERB,endanger
discovery,3,NOUN,discovery
Water,3,PROPN,Water
band,3,PROPN,Band
groundwater,3,NOUN,groundwater
user,3,NOUN,users
derive,3,VERB,"derive, derived"
Firearm,3,PROPN,Firearm
ability,3,NOUN,ability
attract,3,VERB,"attracted, attracting, attract"
attractant,3,NOUN,attractant
inclusion,2,NOUN,inclusion
read,2,VERB,read
forward,2,VERB,"forwards, forward"
titles,2,NOUN,Titles
surveillance,2,NOUN,surveillance
municipalities,2,PROPN,Municipalities
school,2,PROPN,"School, school"
Finance,2,PROPN,Finance
transmission,2,NOUN,transmission
electricity,2,NOUN,electricity
directeur,2,NOUN,directeur
island,2,NOUN,islands
laid,2,VERB,laid
vision,2,NOUN,vision
awareness,2,NOUN,awareness
subscribe,2,VERB,subscribe
zon,2,NOUN,zoning
visitor,2,NOUN,visitor
column,2,NOUN,"columns, column"
hunting,2,NOUN,hunting
Band,2,PROPN,Band
Gwaii,2,PROPN,Gwaii
Haanas,2,PROPN,Haanas
Constitution,2,PROPN,Constitution
expansion,2,NOUN,expansion
canada–,2,NOUN,Canada–
Nova,2,PROPN,Nova
Scotia,2,PROPN,Scotia
Thaidene,2,PROPN,Thaidene
Nene,2,PROPN,Nene
fuel,2,NOUN,fuel
aforesaid,2,NOUN,aforesaid
March,2,PROPN,March
Memorandum,2,PROPN,Memorandum
authorizations,2,NOUN,authorizations
chairman,2,NOUN,chairman
re-appoint,2,VERB,re-appointed
specialized,2,VERB,specialized
decrease,2,NOUN,"decrease, decreasing"
aggrieve,2,VERB,aggrieved
operators,2,NOUN,operators
escape,2,NOUN,escape
incident,2,NOUN,incident
theretoo,2,NOUN,thereto
exploit,2,VERB,exploited
redetermination,2,NOUN,redetermination
documentation,2,NOUN,documentation
safey,2,NOUN,safety
prosecutor,2,NOUN,prosecutor
tonnage,2,NOUN,tonnage
expertise,2,NOUN,expertise
machinery,2,NOUN,machinery
financing,2,NOUN,financing
bare,2,NOUN,bare
lien,2,NOUN,lien
lieu,2,NOUN,lieu
load,2,VERB,loading
unload,2,VERB,unloading
VTS,2,PROPN,VTS
Zone,2,PROPN,Zone
run,2,VERB,"runs, run"
aid,2,NOUN,aid
Guard,2,PROPN,Guard
inquiries,2,PROPN,Inquiries
finding,2,NOUN,findings
contribute,2,VERB,"contributing, contributed"
stevedoring,2,NOUN,stevedoring
fault,2,NOUN,fault
update,2,VERB,update
collection,2,NOUN,collection
enhance,2,VERB,enhance
view,2,NOUN,views
express,2,VERB,expressed
newspaper,2,NOUN,newspaper
cite,2,VERB,cited
membership,2,NOUN,membership
rata,2,NOUN,rata
guilty,2,NOUN,guilty
Navigable,2,PROPN,Navigable
adit,2,NOUN,adit
opening,2,NOUN,opening
m,2,NOUN,m
prospecting,2,VERB,prospecting
distance,2,NOUN,distance
framework,2,NOUN,framework
abatement,2,NOUN,abatement
mandate,2,NOUN,mandate
improve,2,VERB,"improving, improve"
appropriate,2,VERB,appropriate
commerce,2,NOUN,commerce
metal,2,NOUN,metal
assessing,2,VERB,assessing
compile,2,VERB,compile
population,2,NOUN,population
eliminate,2,VERB,"eliminates, eliminate"
Export,2,PROPN,Export
nutrient,2,NOUN,"nutrients, nutrient"
pilot,2,NOUN,pilot
command,2,NOUN,command
recycl,2,NOUN,recycling
exporter,2,NOUN,"exporter, exporters"
emergencies,2,NOUN,emergencies
aboriginal,2,VERB,aboriginal
execution,2,NOUN,execution
prosecution,2,NOUN,prosecution
representation,2,NOUN,representations
gravel,2,NOUN,gravel
NAFO,2,PROPN,NAFO
credit,2,NOUN,credit
Port,2,PROPN,Port
proof,2,NOUN,proof
authorizing,2,NOUN,authorizing
elevation,2,NOUN,elevation
pre-emption,2,NOUN,pre-emption
vote,2,VERB,"voted, vote"
legislature,2,PROPN,Legislature
benefite,2,VERB,benefited
deposite,2,VERB,"deposited, depositing"
revision,2,NOUN,Revision
ground,2,NOUN,ground
bridge,2,NOUN,bridge
lender,2,NOUN,lenders
assignee,2,NOUN,assignees
vest,2,NOUN,"vest, vested"
neglect,2,VERB,"neglect, neglects"
drainage,2,NOUN,drainage
appointor,2,NOUN,appointor
attorney,2,NOUN,attorney
borrow,2,NOUN,borrow
sums,2,NOUN,sums
issuing,2,NOUN,issuing
testing,2,NOUN,testing
aggregate,2,NOUN,aggregate
legislative,2,PROPN,Legislative
Assembly,2,PROPN,Assembly
leadership,2,NOUN,leadership
detail,2,NOUN,details
adjuster,2,NOUN,adjuster
repay,2,VERB,repay
peoples,2,NOUN,peoples
allowances,2,NOUN,allowances
travelling,2,NOUN,travelling
pocket,2,NOUN,pocket
effectiveness,2,NOUN,effectiveness
rescind,2,VERB,rescind
introduce,2,NOUN,introduces
faith,2,NOUN,faith
letter,2,NOUN,letters
patent,2,NOUN,patent
contaminant,2,NOUN,contaminants
contamination,2,NOUN,contamination
abrogate,2,VERB,abrogates
extinguish,2,VERB,extinguish
remediate,2,VERB,"remediated, remediate"
apportionment,2,NOUN,apportionment
q,2,NOUN,q
lessen,2,VERB,"lessen, lessening"
drive,2,VERB,"drive, driving"
Fund,2,PROPN,Fund
transition,2,NOUN,transition
odour,2,NOUN,odour
noise,2,NOUN,noise
licensing,2,NOUN,licensing
sentenc,2,VERB,sentencing
restitution,2,NOUN,restitution
screen,2,NOUN,"screens, screen"
netting,2,NOUN,netting
cetacean,2,NOUN,cetacean
log,2,NOUN,log
rock,2,NOUN,rock
meal,2,NOUN,meal
manure,2,NOUN,manure
specification,2,NOUN,specifications
degree,2,NOUN,"degrees, degree"
negligence,2,NOUN,negligence
income,2,NOUN,income
dwell,2,VERB,dwelling
station,2,NOUN,"stations, station"
oyster,2,NOUN,oysters
notwithstand,2,NOUN,notwithstanding
allege,2,VERB,alleged
university,2,NOUN,university
good,2,NOUN,goods
Royal,2,PROPN,Royal
Mounted,2,PROPN,Mounted
immunitie,2,NOUN,immunities
advertising,2,NOUN,advertising
transaction,2,NOUN,transaction
fram,2,NOUN,farm
volume,2,NOUN,volume
utility,2,NOUN,utility
scaling,2,NOUN,scaling
cruise,2,NOUN,cruise
producer,2,NOUN,"producers, producer"
broadcast,2,VERB,broadcast
stating,2,VERB,stating
market,2,NOUN,market
database,2,NOUN,"database, Database"
deactivation,2,NOUN,deactivation
target,2,NOUN,targets
livestock,2,NOUN,livestock
restricting,2,VERB,restricting
rehabilitate,2,VERB,rehabilitate
stage,2,NOUN,stage
wildland,2,NOUN,wildland
Chairperson,2,PROPN,Chairperson
engineers,2,NOUN,engineers
guarantee,2,VERB,guarantee
generate,2,VERB,generates
amalgamation,2,NOUN,amalgamation
foster,2,VERB,"fosters, foster"
anticipat,2,VERB,anticipated
assessament,2,NOUN,assessment
Environmental,2,PROPN,Environmental
vice-,2,NOUN,Vice-
president,2,NOUN,president
belief,2,VERB,believes
compel,2,VERB,compel
attendance,2,NOUN,attendance
Kingdom,2,PROPN,Kingdom
Britain,2,PROPN,Britain
frontier,2,NOUN,frontier
adjustment,2,NOUN,adjustment
plenipotentiary,2,NOUN,plenipotentiaries
interference,2,NOUN,interference
Niagara,2,PROPN,Niagara
passing,2,NOUN,passing
dam,2,NOUN,"dams, dam"
divided,2,VERB,divided
organize,2,VERB,"organize, organized"
Washington,2,PROPN,Washington
jous,2,NOUN,joi
solemn,2,NOUN,solemn
construe,2,VERB,construed
St.,2,PROPN,St.
Mary,2,PROPN,Mary
canal,2,NOUN,"canals, canal"
prejudice,2,NOUN,"prejudice, prejudiced"
simple,2,NOUN,simple
withdraw,2,VERB,"withdraw, withdrawn"
ha,2,NOUN,ha
airport,2,NOUN,airport
Crow,2,VERB,Crown
perpetuity,2,NOUN,perpetuity
south,2,PROPN,South
housing,2,PROPN,"Housing, housing"
co-chair,2,NOUN,co-chair
non-live,2,NOUN,non-living
agencie,2,NOUN,agencies
affec,2,VERB,affected
estuarine,2,NOUN,estuarine
expenditure,2,NOUN,"expenditures, expenditure"
conveyance,2,NOUN,conveyance
trade,2,NOUN,"trade, Trade"
Management,2,PROPN,Management
trail,2,NOUN,trail
path,2,NOUN,path
waterway,2,NOUN,waterway
ranger,2,NOUN,rangers
significance,2,NOUN,significance
Capital,2,PROPN,Capital
elapse,2,VERB,elapsed
expand,2,VERB,expand
Products,2,PROPN,Products
consiste,2,VERB,consisting
reverse,2,VERB,"reverse, reversed"
Agriculture,2,NOUN,Agriculture
Agri-,2,NOUN,Agri-
Monetary,2,PROPN,Monetary
election,2,NOUN,election
admit,2,VERB,"admit, admitted"
Professional,2,PROPN,Professional
Credentials,2,PROPN,Credentials
credential,2,NOUN,credentials
practise,2,VERB,practise
citation,2,NOUN,citation
seem,2,VERB,"seem, seems"
want,2,VERB,wanted
precedent,2,NOUN,precedent
award,2,NOUN,award
intersection,2,NOUN,intersection
crossing,2,NOUN,crossing
city,2,NOUN,city
village,2,NOUN,village
rail,2,NOUN,rail
minute,2,NOUN,minutes
passengers,2,NOUN,passengers
locomotive,2,NOUN,"locomotives, locomotive"
join,2,NOUN,joins
mail,2,NOUN,"mails, mail"
Cosewic,2,NOUN,COSEWIC
conserve,2,VERB,"conserving, conserve"
Subsection,2,NOUN,Subsection
step,2,NOUN,steps
Appendix,2,PROPN,Appendix
mechanism,2,NOUN,"mechanisms, mechanism"
affection,2,NOUN,affection
compromise,2,VERB,compromise
Legislation,2,NOUN,Legislation
institutions,2,PROPN,Institutions
british,2,PROPN,British
subclause,2,NOUN,subclause
1.d,2,NOUN,1.d
Intertidal,2,PROPN,Intertidal
Bivalve,2,PROPN,Bivalve
Fishe,2,PROPN,Fishing
Law,2,NOUN,Law
parking,2,NOUN,parking
supervision,2,NOUN,supervision
Bcicac,2,NOUN,BCICAC
qualifying,2,VERB,qualifying
threshold,2,NOUN,"threshold, thresholds"
guiding,2,VERB,guiding
angling,2,VERB,angling
endorsement,2,NOUN,"endorsements, endorsement"
kill,2,VERB,"kill, killed"
alcohol,2,NOUN,alcohol
drug,2,NOUN,drug
trapping,2,NOUN,trapping
game,2,NOUN,game
Secretary,2,NOUN,Secretary
Party,2,NOUN,"Party, Parties"
states,2,PROPN,States
Consolidated,2,VERB,Consolidated
Revenue,2,NOUN,Revenue
Remediation,2,NOUN,Remediation
non,1,NOUN,non
-binding,1,VERB,-binding
Treaty,1,PROPN,Treaty
within,1,VERB,within
conducts,1,NOUN,conducts
waive,1,VERB,waive
hardship,1,NOUN,hardship
consistency,1,NOUN,consistency
manual,1,NOUN,manuals
calculation,1,NOUN,calculation
incapacitate,1,VERB,incapacitated
Speculation,1,NOUN,Speculation
valuation,1,NOUN,valuation
refund,1,NOUN,refund
boards,1,NOUN,boards
requisitioning,1,NOUN,requisitioning
North,1,PROPN,North
West,1,PROPN,West
Hospital,1,PROPN,Hospital
tramway,1,NOUN,tramway
pipe,1,NOUN,pipe
circuit,1,NOUN,circuit
television,1,NOUN,television
telephone,1,NOUN,telephone
telegraph,1,NOUN,telegraph
House,1,PROPN,House
modification,1,NOUN,modification
pursuant,1,NOUN,pursuant
concurrence,1,NOUN,concurrence
aquaculture,1,NOUN,aquaculture
open,1,VERB,open
package,1,NOUN,package
receptacle,1,NOUN,receptacle
seized,1,VERB,seized
undertaken,1,NOUN,undertaken
processis,1,NOUN,processes
June,1,PROPN,June
indicator,1,NOUN,indicators
communities,1,NOUN,communities
impair,1,VERB,impair
character,1,NOUN,character
floor,1,NOUN,floor
Incorporation,1,PROPN,Incorporation
entrust,1,VERB,entrust
trapp,1,NOUN,trapping
Cree,1,PROPN,Cree
Fort,1,PROPN,Fort
Chipewyan,1,PROPN,Chipewyan
Buffalo,1,PROPN,Buffalo
continuance,1,NOUN,continuance
Sable,1,PROPN,Sable
Island,1,PROPN,Island
Accord,1,PROPN,Accord
renewable,1,PROPN,Renewable
cache,1,NOUN,cache
XLIII,1,PROPN,XLIII
compiled,1,VERB,compiled
Bruce,1,PROPN,Bruce
Wallace,1,PROPN,Wallace
Waugh,1,PROPN,Waugh
Ottawa,1,PROPN,Ottawa
Air,1,PROPN,Air
gulf,1,PROPN,Gulf
Gulf,1,PROPN,Gulf
retir,1,VERB,retiring
retire,1,VERB,retiring
accountability,1,NOUN,accountability
capability,1,NOUN,capability
cessation,1,NOUN,cessation
shut,1,VERB,shut
thereat,1,NOUN,thereat
emanate,1,VERB,emanated
preference,1,NOUN,preference
emission,1,NOUN,emission
producing,1,VERB,producing
pooling,1,NOUN,pooling
afforde,1,VERB,afforded
exploitation,1,NOUN,exploitation
depend,1,VERB,depending
qualifications,1,NOUN,qualifications
draw,1,VERB,drawing
clarify,1,VERB,clarify
reconsider,1,VERB,reconsider
Inuvialuit,1,PROPN,Inuvialuit
adapt,1,VERB,adapting
definitions,1,NOUN,definitions
Inuvialuin,1,PROPN,Inuvialuit
Region,1,PROPN,Region
straddl,1,VERB,straddling
delineate,1,VERB,delineate
unitization,1,NOUN,unitization
turn,1,NOUN,turn
Justice,1,PROPN,Justice
motion,1,NOUN,motion
breach,1,NOUN,breach
pecuniary,1,NOUN,pecuniary
Canadian,1,PROPN,Canadian
fine,1,NOUN,fine
varie,1,VERB,varying
depart,1,VERB,departing
Personnel,1,NOUN,Personnel
measurer,1,NOUN,measurers
Vice,1,NOUN,Vice
supplies,1,NOUN,supplies
charter,1,VERB,chartered
crew,1,NOUN,crew
tow,1,VERB,towed
malfunctioning,1,NOUN,malfunctioning
imperilled,1,VERB,imperilled
vicinity,1,NOUN,vicinity
help,1,VERB,help
put,1,VERB,put
charterer,1,NOUN,charterer
world,1,NOUN,world
adjudicate,1,VERB,adjudicated
shipboard,1,NOUN,shipboard
concise,1,NOUN,concise
circulation,1,NOUN,circulation
last,1,NOUN,last
advising,1,VERB,advising
utilization,1,NOUN,utilization
b.3,1,NOUN,b.3
termination,1,NOUN,termination
commodity,1,NOUN,commodity
incapacitated,1,VERB,incapacitated
resign,1,NOUN,resigns
imposed,1,VERB,imposed
whether,1,VERB,whether
July,1,PROPN,July
conced,1,VERB,conceded
prospect,1,VERB,prospect
severance,1,NOUN,severance
interrupt,1,VERB,interrupted
exportation,1,NOUN,exportation
constitution,1,NOUN,Constitution
cooperative,1,NOUN,cooperative
sound,1,VERB,sound
draft,1,NOUN,draft
sponsor,1,VERB,sponsor
hormo,1,VERB,hormone
disrupt,1,VERB,disrupting
detection,1,NOUN,detection
formulat,1,VERB,formulating
presence,1,NOUN,presence
element,1,NOUN,elements
Non-domestic,1,PROPN,Non-domestic
manufacturing,1,NOUN,manufacturing
characteristic,1,NOUN,characteristics
repeal,1,VERB,repealing
likelihood,1,NOUN,likelihood
growth,1,NOUN,growth
vegetation,1,NOUN,vegetation
degrade,1,NOUN,degrade
degrading,1,VERB,degrading
altering,1,VERB,altering
clean,1,VERB,cleaning
conditioner,1,NOUN,conditioner
incineration,1,NOUN,incineration
presentation,1,NOUN,presentation
correspond,1,NOUN,corresponds
destination,1,NOUN,destination
movement,1,NOUN,movement
oppose,1,VERB,opposed
agreements,1,NOUN,agreements
transit,1,NOUN,transit
phase,1,VERB,phasing
prescri,1,VERB,prescribed
r,1,NOUN,r
t,1,NOUN,t
travel,1,VERB,travels
behaviour,1,NOUN,behaviour
beginning,1,NOUN,beginning
conducting,1,VERB,conducting
fairness,1,NOUN,fairness
decommission,1,NOUN,decommission
persist,1,VERB,persisted
auction,1,NOUN,auction
stone,1,NOUN,stone
earth,1,NOUN,earth
cinder,1,NOUN,cinders
ash,1,NOUN,ashes
depth,1,NOUN,depth
metre,1,NOUN,metres
stocks,1,PROPN,Stocks
disable,1,VERB,disable
deterioration,1,NOUN,deterioration
redelivery,1,NOUN,redelivery
surety,1,NOUN,sureties
responde,1,VERB,responded
flag,1,NOUN,flag
nationality,1,NOUN,nationality
measures,1,PROPN,Measures
border,1,NOUN,Border
importation,1,NOUN,importation
summon,1,NOUN,summons
trial,1,NOUN,trial
Financial,1,PROPN,Financial
appropriateness,1,NOUN,appropriateness
light,1,NOUN,light
surround,1,VERB,surrounding
repetition,1,NOUN,repetition
surface,1,NOUN,surface
observation,1,NOUN,observations
general,1,NOUN,general
respects,1,NOUN,respects
pre-emptor,1,NOUN,pre-emptor
purchaser,1,NOUN,purchaser
binding,1,VERB,binding
repayment,1,NOUN,repayment
varied,1,VERB,varied
quash,1,VERB,quashed
sitting,1,NOUN,sitting
top,1,NOUN,top
ditch,1,NOUN,ditch
necessitat,1,VERB,necessitating
redefine,1,VERB,redefine
redefin,1,VERB,redefined
acte,1,VERB,acting
proxy,1,NOUN,proxy
dissolve,1,VERB,dissolved
asset,1,NOUN,assets
attention,1,NOUN,attention
example,1,NOUN,examples
entirety,1,NOUN,entirety
joind,1,NOUN,joins
continuity,1,NOUN,continuity
evacuate,1,VERB,evacuated
whichever,1,NOUN,whichever
engagement,1,NOUN,engagement
protecte,1,VERB,protected
submitting,1,VERB,submitting
certification,1,NOUN,certification
expend,1,VERB,expends
spillage,1,NOUN,spillage
Natural,1,PROPN,Natural
Gas,1,PROPN,Gas
identified,1,VERB,identified
mediator,1,NOUN,mediators
retainer,1,NOUN,retainers
sufficiency,1,NOUN,sufficiency
participat,1,VERB,participating
exercising,1,NOUN,exercising
wish,1,VERB,wishes
applicable,1,NOUN,applicable
clarification,1,NOUN,clarification
evalua,1,VERB,evaluating
non-payment,1,NOUN,non-payment
subset,1,NOUN,subset
finaliz,1,VERB,finalized
liquid,1,NOUN,liquid
disestablish,1,VERB,disestablish
sewer,1,NOUN,sewer
drain,1,NOUN,drain
sewerage,1,NOUN,sewerage
stakeholder,1,NOUN,stakeholders
advisor,1,NOUN,advisors
enhancing,1,VERB,enhancing
coordination,1,NOUN,coordination
notation,1,NOUN,notation
polluting,1,NOUN,polluting
contingency,1,NOUN,contingency
locality,1,NOUN,locality
impacte,1,VERB,impacted
frequency,1,NOUN,frequency
auxiliary,1,NOUN,auxiliary
Motor,1,NOUN,Motor
disturbance,1,NOUN,disturbance
complainant,1,NOUN,complainant
farmer,1,NOUN,farmer
byproduct,1,NOUN,byproducts
granting,1,NOUN,granting
co-management,1,NOUN,co-management
revocation,1,NOUN,revocation
degradation,1,NOUN,degradation
aim,1,VERB,aimed
restoring,1,VERB,restoring
scientific,1,NOUN,scientific
finance,1,VERB,financing
therefrom,1,NOUN,therefrom
installation,1,NOUN,installation
coverings,1,NOUN,coverings
breeding,1,VERB,breeding
escaping,1,VERB,escaping
captivity,1,NOUN,captivity
distress,1,NOUN,distress
fishe,1,VERB,fishing
seine,1,NOUN,seine
buy,1,VERB,buy
convert,1,VERB,converting
guano,1,NOUN,guano
fertilizer,1,NOUN,fertilizer
conversion,1,NOUN,conversion
fertilizing,1,VERB,fertilizing
avoidance,1,NOUN,avoidance
install,1,VERB,install
detriment,1,NOUN,detriment
learning,1,VERB,learning
fisherman,1,NOUN,fisherman
biodiversity,1,NOUN,biodiversity
hand,1,NOUN,hand
trespass,1,NOUN,trespass
propagation,1,NOUN,propagation
bay,1,NOUN,bays
inlet,1,NOUN,inlets
creek,1,NOUN,creeks
cultivation,1,NOUN,cultivation
ticketing,1,NOUN,ticketing
guardians,1,NOUN,guardians
alleged,1,VERB,alleged
departments,1,NOUN,departments
I,1,PROPN,I
bargaining,1,NOUN,bargaining
past,1,NOUN,past
negotiations,1,NOUN,negotiations
Emergency,1,NOUN,Emergency
conference,1,NOUN,conference
initiation,1,NOUN,initiation
preclude,1,VERB,preclude
invoke,1,VERB,invoking
counter,1,NOUN,counter
subsist,1,VERB,subsist
national,1,NOUN,nationals
inviolability,1,NOUN,inviolability
privilege,1,NOUN,privilege
hamper,1,VERB,hamper
Bct,1,PROPN,BCTS
invite,1,VERB,invite
anniversary,1,NOUN,anniversary
encumber,1,VERB,encumbered
appraisal,1,NOUN,appraisal
appraiser,1,NOUN,appraiser
terrain,1,NOUN,terrain
harvested,1,VERB,harvested
scal,1,VERB,scaled
examiner,1,NOUN,examiners
stumpage,1,NOUN,stumpage
Woodlot,1,PROPN,Woodlot
Farming,1,NOUN,Farming
industries,1,PROPN,Industries
cruiser,1,NOUN,cruiser
roadway,1,NOUN,roadway
logs,1,NOUN,logs
lose,1,VERB,lost
deposits,1,NOUN,deposits
BC,1,NOUN,BC
custodian,1,NOUN,custodian
Custodian,1,NOUN,Custodian
administrative,1,PROPN,Administrative
Boundary,1,PROPN,Boundaries
vari,1,VERB,varied
facilitator,1,NOUN,facilitator
occasion,1,NOUN,occasions
resubmit,1,VERB,resubmit
relieve,1,VERB,relieve
resubmitt,1,VERB,resubmitting
regulations,1,NOUN,regulations
sand,1,NOUN,sand
demonstrate,1,VERB,demonstrated
differ,1,VERB,differ
either,1,VERB,either
requesting,1,NOUN,requesting
sharing,1,VERB,sharing
deface,1,VERB,deface
infest,1,VERB,infested
circumstances,1,NOUN,circumstances
declaratory,1,NOUN,declaratory
reimbursement,1,NOUN,reimbursement
employment,1,NOUN,employment
interface,1,VERB,interface
experiment,1,NOUN,experiment
each,1,VERB,each
half,1,NOUN,half
lieutenant,1,NOUN,lieutenant
employees,1,PROPN,Employees
Aeronautics,1,PROPN,Aeronautics
storing,1,NOUN,storing
processing,1,NOUN,processing
greenbelt,1,NOUN,greenbelt
solicitor,1,NOUN,solicitors
accountant,1,NOUN,accountants
efficiency,1,NOUN,efficiency
principal,1,NOUN,principal
engrave,1,VERB,engraved
lithographe,1,VERB,lithographed
print,1,VERB,printed
reproduce,1,VERB,reproduced
tort,1,NOUN,tort
taxes,1,NOUN,Taxes
utilities,1,PROPN,Utilities
customer,1,NOUN,customers
superannuation,1,NOUN,superannuation
retirement,1,NOUN,retirement
partnership,1,NOUN,partnership
recognize,1,VERB,recognized
affir,1,VERB,affirmed
deciding,1,VERB,deciding
substitution,1,NOUN,substitution
co-chairperson,1,NOUN,co-chairperson
Integrate,1,VERB,Integrated
analyze,1,NOUN,analyze
container,1,NOUN,container
mix,1,NOUN,mix
used,1,VERB,used
Pesticide,1,PROPN,Pesticide
adding,1,VERB,adding
king,1,PROPN,King
Ireland,1,PROPN,Ireland
Dominions,1,NOUN,Dominions
Seas,1,PROPN,Seas
emperor,1,PROPN,Emperor
India,1,PROPN,India
America,1,PROPN,America
furtherance,1,NOUN,furtherance
injured,1,VERB,injured
heretoo,1,NOUN,hereto
Lake,1,PROPN,Lake
Erie,1,PROPN,Erie
desire,1,NOUN,desire
accomplish,1,VERB,accomplish
investments,1,NOUN,investments
New,1,PROPN,New
York,1,PROPN,York
Footnote,1,PROPN,Footnote
Falls,1,PROPN,Falls
foot,1,NOUN,feet
second,1,NOUN,second
irrigation,1,NOUN,irrigation
articles,1,NOUN,Articles
IV,1,NOUN,IV
casis,1,NOUN,cases
diminish,1,VERB,diminish
endeavor,1,NOUN,endeavor
communicate,1,VERB,communicated
understand,1,VERB,understood
Senate,1,PROPN,Senate
assistant,1,NOUN,assistants
salary,1,NOUN,salaries
secretarie,1,NOUN,secretaries
moiety,1,NOUN,moieties
therein,1,NOUN,therein
subpoena,1,NOUN,subpoenas
compelle,1,VERB,compelling
equity,1,NOUN,equity
ratification,1,NOUN,ratifications
affecting,1,VERB,affecting
rapid,1,NOUN,rapids
Sault,1,PROPN,Sault
Ste,1,PROPN,Ste
Marie,1,PROPN,Marie
swamp,1,NOUN,swamp
overflow,1,VERB,overflowed
Subject,1,NOUN,Subject
reside,1,VERB,reside
quarry,1,VERB,quarrying
digging,1,VERB,digging
watersh,1,VERB,watershed
unless,1,PROPN,Unless
balance,1,NOUN,balance
option,1,NOUN,option
tenement,1,NOUN,tenement
disallow,1,VERB,disallow
withhold,1,VERB,withhold
fossil,1,NOUN,fossils
Tenure,1,PROPN,Tenure
coal,1,NOUN,coal
college,1,NOUN,college
subsidiary,1,NOUN,subsidiaries
colou,1,VERB,coloured
endorse,1,VERB,endorse
allowance,1,NOUN,allowance
adjoin,1,VERB,adjoins
assume,1,VERB,assume
under,1,NOUN,under
sub-delegate,1,VERB,sub-delegate
mortgagor,1,NOUN,mortgagor
foreclosure,1,NOUN,foreclosure
exemptiond,1,NOUN,exemptions
equalize,1,VERB,equalize
illness,1,NOUN,illness
reject,1,VERB,reject
registered,1,VERB,registered
encumbrance,1,NOUN,encumbrances
recording,1,NOUN,recording
Maa-nulth,1,PROPN,Maa-nulth
mines,1,PROPN,Mines
outline,1,VERB,outlining
watercourse,1,NOUN,watercourses
arrival,1,NOUN,arrival
worker,1,NOUN,worker
activities,1,PROPN,Activities
gold,1,NOUN,gold
happen,1,VERB,happening
closure,1,NOUN,closure
designating,1,VERB,designating
custom,1,NOUN,customs
immigration,1,NOUN,immigration
sanitary,1,NOUN,sanitary
network,1,NOUN,network
encourage,1,VERB,encourage
understanding,1,NOUN,understanding
oceans,1,NOUN,oceans
facilitation,1,NOUN,facilitation
Muskwa,1,PROPN,Muskwa
Kechika,1,PROPN,Kechika
concerning,1,VERB,concerning
expressed,1,VERB,expressed
reestablish,1,VERB,reestablish
enlargement,1,NOUN,enlargement
defray,1,VERB,defray
necessitate,1,VERB,necessitated
gift,1,NOUN,gifts
bequest,1,NOUN,bequests
programm,1,NOUN,programmes
patrimoine,1,NOUN,patrimoine
autre,1,NOUN,autres
lieux,1,NOUN,lieux
patrimoniaux,1,NOUN,patrimoniaux
protégé,1,NOUN,protégés
assigne,1,VERB,assigned
Works,1,PROPN,Works
procure,1,VERB,procure
incapacity,1,NOUN,incapacity
areas,1,PROPN,Areas
deems,1,NOUN,deems
label,1,NOUN,label
sheet,1,NOUN,sheet
workplace,1,NOUN,workplaces
deny,1,VERB,deny
evaluating,1,VERB,evaluating
organisation,1,PROPN,Organisation
economic,1,PROPN,Economic
Co-operation,1,PROPN,Co-operation
confirmation,1,NOUN,confirmation
reversal,1,NOUN,reversal
registrations,1,NOUN,registrations
1C,1,PROPN,1C
Wto,1,NOUN,WTO
managed,1,VERB,managed
contractor,1,NOUN,contractor
affirmation,1,NOUN,affirmation
nomination,1,NOUN,nomination
precede,1,VERB,preceding
Registrant,1,NOUN,Registrants
investigator,1,NOUN,investigators
counsel,1,NOUN,counsel
amalgamate,1,VERB,amalgamated
signify,1,VERB,signify
remainder,1,NOUN,remainder
completed,1,VERB,completed
authenticate,1,VERB,authenticated
boonks,1,NOUN,books
expedition,1,NOUN,expedition
curve,1,NOUN,curve
gradient,1,NOUN,gradient
expedient,1,NOUN,expedient
leasing,1,NOUN,leasing
evidenc,1,VERB,evidenced
duplicate,1,NOUN,duplicate
foreshore,1,NOUN,foreshore
vendor,1,NOUN,vendor
deed,1,NOUN,deed
published,1,VERB,published
mode,1,NOUN,mode
affidavit,1,NOUN,affidavit
intersect,1,VERB,intersected
train,1,NOUN,trains
tender,1,NOUN,tender
shunt,1,VERB,shunting
carriage,1,NOUN,carriage
equip,1,VERB,equipped
approach,1,NOUN,approaches
passenger,1,NOUN,passengers
furnishing,1,VERB,furnishing
appliance,1,NOUN,appliances
interchange,1,NOUN,interchange
freight,1,NOUN,freight
joined,1,VERB,joined
fire,1,NOUN,fire
duration,1,NOUN,duration
advance,1,NOUN,advance
entering,1,VERB,entering
enhancement,1,NOUN,enhancement
Directive,1,NOUN,Directives
conseil,1,VERB,conseil
gestion,1,NOUN,gestion
des,1,VERB,des
ressource,1,NOUN,ressources
faunique,1,NOUN,fauniques
role,1,NOUN,role
incentive,1,NOUN,incentives
voluntary,1,NOUN,voluntary
wild,1,NOUN,wild
subcommittee,1,NOUN,subcommittee
reclassify,1,VERB,reclassifying
fashion,1,NOUN,fashion
competent,1,VERB,competent
commitment,1,NOUN,commitment
diversity,1,NOUN,diversity
reduction,1,NOUN,reduction
postpone,1,VERB,postponed
identification,1,NOUN,identification
classify,1,VERB,classified
threatened,1,NOUN,threatened
history,1,NOUN,history
original,1,NOUN,original
fingerprint,1,NOUN,fingerprints
photograph,1,NOUN,photographs
convene,1,VERB,convene
sit,1,VERB,sitting
independent,1,PROPN,Independent
regulatory,1,NOUN,regulatory
rescission,1,NOUN,rescission
Expropriating,1,PROPN,Expropriating
Authority,1,PROPN,Authority
expropriate,1,VERB,expropriate
Expropriation,1,PROPN,Expropriation
upgrade,1,NOUN,upgrade
roads,1,NOUN,roads
freehold,1,NOUN,freehold
none,1,NOUN,none
recall,1,NOUN,recall
originate,1,NOUN,originates
origin,1,NOUN,origin
distributor,1,NOUN,distributor
composition,1,NOUN,composition
camera,1,NOUN,camera
outweigh,1,NOUN,outweighs
importance,1,NOUN,importance
importing,1,VERB,importing
other,1,PROPN,Other
accretion,1,NOUN,accretion
Delta,1,PROPN,Delta
agriculture,1,NOUN,agriculture
Dikes,1,NOUN,Dikes
Dike,1,PROPN,Dike
Aquatic,1,PROPN,Aquatic
Plants,1,PROPN,Plants
basic,1,PROPN,Basic
Entitlement,1,NOUN,Entitlement
quoto,1,NOUN,quota
discuss,1,VERB,discuss
Right,1,PROPN,Right
burns,1,PROPN,Burns
Bog,1,PROPN,Bog
Conservancy,1,NOUN,Conservancy
harvester,1,NOUN,harvesters
total,1,PROPN,Total
Allowable,1,PROPN,Allowable
Consultation,1,NOUN,Consultation
exhaust,1,VERB,exhausted
culture,1,NOUN,culture
Hun'qum,1,PROPN,Hun'qum
'i'num,1,PROPN,'i'num
language,1,NOUN,language
kindergarten,1,NOUN,kindergarten
grade,1,VERB,grade
family,1,NOUN,family
Family,1,NOUN,Family
adult,1,VERB,adult
penitentiary,1,NOUN,penitentiary
parole,1,NOUN,parole
Associated,1,PROPN,Associated
entities,1,NOUN,Entities
First,1,PROPN,First
Resolution,1,PROPN,Resolution
influence,1,NOUN,influence
encroach,1,NOUN,encroach
fetter,1,VERB,fetter
doubt,1,NOUN,doubt
category,1,NOUN,category
flooding,1,NOUN,flooding
consists,1,NOUN,consists
apportion,1,VERB,apportion
appurtenant,1,NOUN,appurtenant
mortgaged,1,VERB,mortgaged
sustain,1,VERB,sustaining
feature,1,NOUN,feature
thresholds,1,NOUN,thresholds
descende,1,VERB,descending
liable,1,NOUN,liable
permissions,1,NOUN,permissions
monetary,1,NOUN,monetary
Comptroller,1,NOUN,Comptroller
verifying,1,VERB,verifying
Licensing,1,VERB,Licensing
Wells,1,NOUN,Wells
Groundwater,1,PROPN,Groundwater
analyzing,1,VERB,analyzing
Plans,1,NOUN,Plans
accepting,1,VERB,accepting
purposis,1,NOUN,purposes
we,1,VERB,weed
extinction,1,NOUN,extinction
vulnerability,1,NOUN,vulnerability
controlle,1,VERB,controlled
angl,1,VERB,angling
k,1,PROPN,k
lakes,1,NOUN,lakes
outfitter,1,NOUN,outfitter
pelt,1,NOUN,pelt
skin,1,NOUN,skin
consumption,1,NOUN,consumption
surrendere,1,VERB,surrendered
satisfies,1,VERB,satisfies
live,1,NOUN,live
camp,1,NOUN,camp
hunter,1,NOUN,hunter
angler,1,NOUN,angler
occupant,1,NOUN,occupants
survive,1,VERB,surviving
rot,1,VERB,rot
spoil,1,NOUN,spoil
specy,1,NOUN,species
surcharge,1,NOUN,surcharges
Recreational,1,PROPN,Recreational
Harbours,1,PROPN,Harbours
marking,1,NOUN,markings
buoyage,1,NOUN,buoyage
wrecke,1,VERB,wrecked
sink,1,NOUN,sunk
strand,1,VERB,stranded
grounde,1,VERB,grounded
shore,1,NOUN,shore
salvage,1,NOUN,salvage
size,1,NOUN,size
seriousness,1,NOUN,seriousness
arrive,1,VERB,arriving
format,1,NOUN,format
attest,1,VERB,attesting
dilapidate,1,VERB,dilapidated
wrecks,1,NOUN,wrecks
