legislation_id,jurisdiction,legislation_type,act_name,legislation_name,url,agencies,current_to_date
88,Provincial,Code,,Forest Practices Code of British Columbia Act,https://www.bclaws.gov.bc.ca/civix/document/id/complete/statreg/96159_01,,2025-08-26
2,Provincial,Act,Agricultural Land Commission Act,Agricultural Land Commission Act,https://www.bclaws.gov.bc.ca/civix/document/id/complete/statreg/02036_01,Agriculture and Food,2025-04-22
3,Provincial,Regulations,Agricultural Land Commission Act,Agricultural Land Reserve General Regulation,https://www.bclaws.gov.bc.ca/civix/document/id/complete/statreg/57_2020,Agriculture and Food,2020-03-12
4,Provincial,Regulations,Agricultural Land Commission Act,Agricultural Land Reserve Use Regulation,https://www.bclaws.gov.bc.ca/civix/document/id/complete/statreg/30_2019,Agriculture and Food,2019-02-22
7,Provincial,Act,Animal Health Act,Animal Health Act,https://www.bclaws.gov.bc.ca/civix/document/id/complete/statreg/14016,Agriculture and Food,2025-05-20
8,Provincial,Regulations,Animal Health Act,Animal Products and Byproducts Regulation,https://www.bclaws.gov.bc.ca/civix/document/id/complete/statreg/2_2015,Agriculture and Food,2015-01-19
161,Provincial,Regulations,Animal Health Act,Reportable and Notifiable Disease Regulation,https://www.bclaws.gov.bc.ca/civix/document/id/complete/statreg/7_2015,Agriculture and Food,2015-01-19
15,Provincial,Act,Assessment Act,Assessment Act,https://www.bclaws.gov.bc.ca/civix/document/id/complete/statreg/96020_01,Finance,2025-04-22
21,Federal,Act,Canada National Marine Conservation Areas Act,Canada National Marine Conservation Areas Act,https://laws-lois.justice.gc.ca/eng/acts/C-7.3/index.html,Minister of the Environment,2025-03-17
22,Federal,Act,Canada National Parks Act,Canada National Parks Act,https://laws-lois.justice.gc.ca/eng/acts/N-14.01/index.html,Minister of the Environment,2025-05-05
95,Federal,Order,Canada National Parks Act,Gwaii Haanas National Park Reserve Order,https://laws-lois.justice.gc.ca/eng/regulations/SOR-96-93/index.html,Minister of the Environment,2025-03-17
120,Federal,Regulations,Canada National Parks Act,National Historic Parks General Regulations,https://laws-lois.justice.gc.ca/eng/regulations/SOR-82-263/index.html,Minister of the Environment,2025-03-31
121,Federal,Regulations,Canada National Parks Act,National Parks General Regulations,https://laws-lois.justice.gc.ca/eng/regulations/SOR-78-213/index.html,Minister of the Environment,2025-03-31
124,Federal,Regulations,Canada National Parks Act,National Parks Wildlife Regulations,https://laws-lois.justice.gc.ca/eng/regulations/SOR-81-401/index.html,Minister of the Environment,2025-03-31
122,Federal,Regulations,Canada National Parks Act,National Parks of Canada Fishing Regulations,"https://laws-lois.justice.gc.ca/eng/regulations/C.R.C.,_c._1120/index.html",Minister of the Environment,2025-05-05
123,Federal,Regulations,Canada National Parks Act,National Parks of Canada Water and Sewer Regulations,"https://laws-lois.justice.gc.ca/eng/regulations/C.R.C.,_c._1134/index.html",Minister of the Environment,2025-03-31
23,Federal,Act,Canada Oil And Gas Operations Act,Canada Oil and Gas Operations Act,https://laws-lois.justice.gc.ca/eng/acts/O-7/index.html,Minister of Natural Resources; Minister of Northern Affairs,2025-03-17
17,Federal,Regulations,"Canada Shipping Act, 2001",Ballast Water Regulations,https://laws-lois.justice.gc.ca/eng/regulations/SOR-2021-120/page-1.html,Minister of Fisheries and Oceans; Minister of Transport,2025-03-17
24,Federal,Act,"Canada Shipping Act, 2001","Canada Shipping Act, 2001",https://laws-lois.justice.gc.ca/eng/acts/C-10.15/index.html,Minister of Fisheries and Oceans; Minister of Transport,2025-03-17
39,Federal,Regulations,"Canada Shipping Act, 2001",Cross-border Movement of Hazardous Waste and Hazardous Recyclable Material Regulations,https://laws-lois.justice.gc.ca/eng/regulations/SOR-2021-25/index.html,Minister of Fisheries and Oceans; Minister of Transport,2025-03-17
67,Federal,Regulations,"Canada Shipping Act, 2001",Environmental Response Regulations,https://laws-lois.justice.gc.ca/eng/regulations/SOR-2019-252/index.html,Minister of Fisheries and Oceans; Minister of Transport,2025-03-31
79,Federal,Regulations,"Canada Shipping Act, 2001",Fishing Vessel Safety Regulations,"https://laws-lois.justice.gc.ca/eng/regulations/C.R.C.,_c._1486/index.html",Minister of Fisheries and Oceans; Minister of Transport,2025-03-31
181,Federal,Regulations,"Canada Shipping Act, 2001",Vessel Pollution and Dangerous Chemicals Regulations,https://laws-lois.justice.gc.ca/eng/regulations/SOR-2012-69/index.html,Minister of Fisheries and Oceans; Minister of Transport,2025-09-29
25,Federal,Act,Canada Water Act,Canada Water Act,https://laws-lois.justice.gc.ca/eng/acts/C-11/index.html,Minister of the Environment,2025-03-17
26,Federal,Act,Canada Water Agency Act,Canada Water Agency Act,https://laws-lois.justice.gc.ca/eng/acts/C-11.001/index.html,Minister of the Environment,2025-03-17
27,Federal,Act,Canada Wildlife Act,Canada Wildlife Act,https://laws-lois.justice.gc.ca/eng/acts/W-9/index.html,Minister of the Environment,2025-03-17
28,Federal,Act,Canadian Energy Regulator Act,Canadian Energy Regulator Act,https://laws-lois.justice.gc.ca/eng/acts/C-15.1/index.html,Minister of Natural Resources,2025-03-17
29,Federal,Act,"Canadian Environmental Protection Act, 1999","Canadian Environmental Protection Act, 1999",https://laws-lois.justice.gc.ca/eng/acts/C-15.31/index.html,Minister of the Environment,2025-05-05
46,Federal,Regulations,"Canadian Environmental Protection Act, 1999",Disposal at Sea Permit Application Regulations,https://laws-lois.justice.gc.ca/eng/regulations/SOR-2014-177/index.html,Minister of the Environment,2025-03-31
47,Federal,Regulations,"Canadian Environmental Protection Act, 1999",Disposal at Sea Regulations,https://laws-lois.justice.gc.ca/eng/regulations/SOR-2001-275/index.html,Minister of the Environment,2025-03-31
64,Federal,Regulations,"Canadian Environmental Protection Act, 1999","Environmental Emergency Regulations, 2019",https://laws-lois.justice.gc.ca/eng/regulations/SOR-2019-51/index.html,Minister of the Environment,2025-03-31
116,Federal,Regulations,"Canadian Environmental Protection Act, 1999",Microbeads in Toiletries Regulations,https://laws-lois.justice.gc.ca/eng/regulations/SOR-2017-111/index.html,Minister of the Environment,2025-03-31
128,Federal,Regulations,"Canadian Environmental Protection Act, 1999",New Substances Notification Regulations (Organisms),https://laws-lois.justice.gc.ca/eng/regulations/SOR-2005-248/index.html,Minister of the Environment,2025-03-31
138,Federal,Regulations,"Canadian Environmental Protection Act, 1999",PCB Regulations,https://laws-lois.justice.gc.ca/eng/regulations/SOR-2008-273/index.html,Minister of the Environment,2025-03-31
141,Federal,Regulations,"Canadian Environmental Protection Act, 1999",Persistence and Bioaccumulation Regulations,https://laws-lois.justice.gc.ca/eng/regulations/SOR-2000-107/index.html,Minister of the Environment,2025-03-31
151,Federal,Regulations,"Canadian Environmental Protection Act, 1999","Prohibition of Certain Toxic Substances Regulations, 2012",https://laws-lois.justice.gc.ca/eng/regulations/SOR-2012-285/index.html,Minister of the Environment,2025-03-31
171,Federal,Regulations,"Canadian Environmental Protection Act, 1999",Storage Tank Systems for Petroleum Products and Allied Petroleum Products Regulations,https://laws-lois.justice.gc.ca/eng/regulations/SOR-2008-197/index.html,Minister of the Environment,2025-03-31
30,Federal,Act,Canadian Navigable Waters Act,Canadian Navigable Waters Act,https://laws-lois.justice.gc.ca/eng/acts/N-22/index.html,Minister of Transport,2025-05-05
110,Federal,Order,Canadian Navigable Waters Act,Major Works Order,https://laws-lois.justice.gc.ca/eng/regulations/SOR-2019-320/index.html,Minister of Transport,2025-05-05
118,Federal,Order,Canadian Navigable Waters Act,Minor Works Order,https://laws-lois.justice.gc.ca/eng/regulations/SOR-2021-170/index.html,Minister of Transport,2025-05-05
127,Federal,Regulations,Canadian Navigable Waters Act,Navigable Waters Works Regulations,"https://laws-lois.justice.gc.ca/eng/regulations/C.R.C.,_c._1232/index.html",Minister of Transport,2025-03-31
32,Federal,Act,Coastal Fisheries Protection Act,Coastal Fisheries Protection Act,https://laws-lois.justice.gc.ca/eng/acts/C-33/index.html,Minister of Fisheries and Oceans; North Pacific Fisheries Commission,2025-05-05
33,Federal,Regulations,Coastal Fisheries Protection Act,Coastal Fisheries Protection Regulations,"https://laws-lois.justice.gc.ca/eng/regulations/C.R.C.,_c._413/index.html",Minister of Fisheries and Oceans; North Pacific Fisheries Commission,2025-05-05
12,Provincial,Regulations,Community Charter,Approval Exemption Regulation,https://www.bclaws.gov.bc.ca/civix/document/id/complete/statreg/268_2005,,2005-09-07
167,Provincial,Regulations,Community Charter,Spheres of Concurrent Jurisdiction Environment and Wildlife Regulation,https://www.bclaws.gov.bc.ca/civix/document/id/complete/statreg/144_2004,,2004-03-26
41,Federal,Act,Department Of Fisheries And Oceans Act,Department of Fisheries and Oceans Act,https://laws-lois.justice.gc.ca/eng/acts/F-15/index.html,Minister of Fisheries and Oceans,2025-08-21
42,Federal,Act,Department Of The Environment Act,Department of the Environment Act,https://laws-lois.justice.gc.ca/eng/acts/E-10/index.html,,2025-08-21
45,Provincial,Act,Dike Maintenance Act,Dike Maintenance Act,https://www.bclaws.gov.bc.ca/civix/document/id/complete/statreg/96095_01,"Water, Land and Resource Stewardship",2025-04-22
48,Federal,Act,Dominion Water Power Act,Dominion Water Power Act,https://laws-lois.justice.gc.ca/eng/acts/W-4/index.html,Minister of Indigenous Service; Minister of Northern Affairs,2025-03-17
49,Federal,Regulations,Dominion Water Power Act,Dominion Water Power Regulations,"https://laws-lois.justice.gc.ca/eng/regulations/C.R.C.,_c._1603/index.html",Minister of Indigenous Service; Minister of Northern Affairs,2025-03-17
51,Provincial,Act,"Drainage, Ditch And Dike Act","Drainage, Ditch and Dike Act",https://www.bclaws.gov.bc.ca/civix/document/id/complete/statreg/96102_01,"Water, Land and Resource Stewardship",2025-04-22
52,Provincial,Act,Drinking Water Protection Act,Drinking Water Protection Act,https://www.bclaws.gov.bc.ca/civix/document/id/complete/statreg/01009_01,"Water, Land and Resource Stewardship",2025-04-22
53,Provincial,Regulations,Drinking Water Protection Act,Drinking Water Protection Regulation,https://www.bclaws.gov.bc.ca/civix/document/id/complete/statreg/200_2003,"Water, Land and Resource Stewardship",2003-05-16
54,Provincial,Act,Ecological Reserve Act,Ecological Reserve Act,https://www.bclaws.gov.bc.ca/civix/document/id/complete/statreg/96103_01,Environment and Parks,2025-05-20
55,Provincial,Regulations,Ecological Reserve Act,Ecological Reserve Regulation,https://www.bclaws.gov.bc.ca/civix/document/id/complete/statreg/196_2023,Environment and Parks,2023-07-18
56,Provincial,Act,Emergency And Disaster Management Act,Emergency and Disaster Management Act,https://www.bclaws.gov.bc.ca/civix/document/id/complete/statreg/23037,Emergency Management and Climate Readiness,2025-04-22
50,Provincial,Regulations,Energy Resource Activities Act,Dormancy and Shutdown Regulation,https://www.bclaws.gov.bc.ca/civix/document/id/complete/statreg/112_2019,Energy and Climate Solutions,2019-05-30
57,Provincial,Regulations,Energy Resource Activities Act,Emergency Management Regulation,https://www.bclaws.gov.bc.ca/civix/document/id/complete/statreg/217_2017,Energy and Climate Solutions,2017-11-30
58,Provincial,Act,Energy Resource Activities Act,Energy Resource Activities Act,https://www.bclaws.gov.bc.ca/civix/document/id/complete/statreg/08036_01,Energy and Climate Solutions,2025-04-22
59,Provincial,Regulations,Energy Resource Activities Act,Energy Resource Road Regulation,https://www.bclaws.gov.bc.ca/civix/document/id/complete/statreg/56_2013,Energy and Climate Solutions,2013-02-19
66,Provincial,Regulations,Energy Resource Activities Act,Environmental Protection and Management Regulation,https://www.bclaws.gov.bc.ca/civix/document/id/complete/statreg/200_2010,Energy and Climate Solutions,2010-06-25
61,Provincial,Act,Environment And Land Use Act,Environment and Land Use Act,https://www.bclaws.gov.bc.ca/civix/document/id/complete/statreg/96117_01,"Water, Land and Resource Stewardship",2025-04-22
62,Provincial,Act,Environmental Assessment Act,Environmental Assessment Act,https://www.bclaws.gov.bc.ca/civix/document/id/complete/statreg/18051,Environment and Parks,2025-05-13
162,Provincial,Regulations,Environmental Assessment Act,Reviewable Projects Regulation,https://www.bclaws.gov.bc.ca/civix/document/id/complete/statreg/243_2019,Environment and Parks,2019-11-29
9,Provincial,Regulations,Environmental Management Act,Antisapstain Chemical Waste Control Regulation,https://www.bclaws.gov.bc.ca/civix/document/id/complete/statreg/300_90,"Attorney General and Deputy Premier; Environment and Parks; Water, Land and Resource Stewardship",1990-08-31
34,Provincial,Code,Environmental Management Act,Code of Practice for Agricultural Environmental Management,https://www.bclaws.gov.bc.ca/civix/document/id/complete/statreg/8_2019,"Attorney General and Deputy Premier; Environment and Parks; Water, Land and Resource Stewardship",2019-01-23
35,Provincial,Code,Environmental Management Act,Code of Practice for Industrial Non-Hazardous Waste Landfills Incidental to the Wood Processing Industry,https://www.bclaws.gov.bc.ca/civix/document/id/complete/statreg/263_2010,"Attorney General and Deputy Premier; Environment and Parks; Water, Land and Resource Stewardship",2010-09-16
36,Provincial,Regulations,Environmental Management Act,Conservation Officer Service Authority Regulation,https://www.bclaws.gov.bc.ca/civix/document/id/complete/statreg/318_2004,"Attorney General and Deputy Premier; Environment and Parks; Water, Land and Resource Stewardship",2004-07-08
37,Provincial,Regulations,Environmental Management Act,Contaminated Sites Regulation,https://www.bclaws.gov.bc.ca/civix/content/complete/statreg/414786120/03053/reg03053/1341755808/?xsl=/templates/browse.xsl,"Attorney General and Deputy Premier; Environment and Parks; Water, Land and Resource Stewardship",1996-12-16
63,Provincial,Regulations,Environmental Management Act,Environmental Data Quality Assurance Regulation,https://www.bclaws.gov.bc.ca/civix/document/id/complete/statreg/301_90,"Attorney General and Deputy Premier; Environment and Parks; Water, Land and Resource Stewardship",1990-08-31
65,Provincial,Act,Environmental Management Act,Environmental Management Act,https://www.bclaws.gov.bc.ca/civix/content/complete/statreg/414786120/03053/766933851/?xsl=/templates/browse.xsl,"Attorney General and Deputy Premier; Environment and Parks; Water, Land and Resource Stewardship",2025-05-13
105,Provincial,Regulations,Environmental Management Act,Land-based Finfish Waste Control Regulation,https://www.bclaws.gov.bc.ca/civix/document/id/complete/statreg/68_94,"Attorney General and Deputy Premier; Environment and Parks; Water, Land and Resource Stewardship",1994-03-03
119,Provincial,Regulations,Environmental Management Act,Municipal Wastewater Regulation,https://www.bclaws.gov.bc.ca/civix/document/id/complete/statreg/87_2012,"Attorney General and Deputy Premier; Environment and Parks; Water, Land and Resource Stewardship",2012-04-20
155,Provincial,Regulations,Environmental Management Act,Pulp Mill and Pulp and Paper Mill Liquid Effluent Control Regulation,https://www.bclaws.gov.bc.ca/civix/document/id/complete/statreg/470_90,"Attorney General and Deputy Premier; Environment and Parks; Water, Land and Resource Stewardship",1990-12-13
168,Provincial,Regulations,Environmental Management Act,Spill Contingency Planning Regulation,https://www.bclaws.gov.bc.ca/civix/document/id/complete/statreg/186_2017,"Attorney General and Deputy Premier; Environment and Parks; Water, Land and Resource Stewardship",2017-10-13
169,Provincial,Regulations,Environmental Management Act,"Spill Preparedness, Response and Recovery Regulation",https://www.bclaws.gov.bc.ca/civix/document/id/complete/statreg/185_2017,"Attorney General and Deputy Premier; Environment and Parks; Water, Land and Resource Stewardship",2017-10-13
170,Provincial,Regulations,Environmental Management Act,Spill Reporting Regulation,https://www.bclaws.gov.bc.ca/civix/document/id/complete/statreg/187_2017,"Attorney General and Deputy Premier; Environment and Parks; Water, Land and Resource Stewardship",2017-10-13
182,Provincial,Regulations,Environmental Management Act,Waste Discharge Regulation,https://www.bclaws.gov.bc.ca/civix/document/id/complete/statreg/320_2004,"Attorney General and Deputy Premier; Environment and Parks; Water, Land and Resource Stewardship",2004-07-08
131,Provincial,Regulations,Environmental Management Act And Public Health Act,Organic Matter Recycling Regulation,https://www.bclaws.gov.bc.ca/civix/document/id/complete/statreg/18_2002,Health,2002-02-05
68,Provincial,Act,Farm Practices Protection Act,Farm Practices Protection (Right to Farm) Act,https://www.bclaws.gov.bc.ca/civix/document/id/complete/statreg/96131_01,Agriculture and Food,2025-04-22
165,Provincial,Regulations,Farm Practices Protection Act,Specialty Farm Operations Regulation,https://www.bclaws.gov.bc.ca/civix/document/id/complete/statreg/53_99,Agriculture and Food,1999-03-04
19,Provincial,Regulations,Farming And Fishing Industries Development Act,British Columbia Salmon Marketing Council Regulation,https://www.bclaws.gov.bc.ca/civix/document/id/complete/statreg/302_91,Agriculture and Food,1991-10-25
69,Provincial,Act,Farming And Fishing Industries Development Act,Farming and Fishing Industries Development Act,https://www.bclaws.gov.bc.ca/civix/document/id/complete/statreg/96134_01,Agriculture and Food,2025-05-13
70,Provincial,Act,Fish And Seafood Act,Fish and Seafood Act,https://www.bclaws.gov.bc.ca/civix/document/id/complete/statreg/15014,"Agriculture and Food; Water, Land and Resource Stewardship",2025-04-30
71,Provincial,Regulations,Fish And Seafood Act,Fish and Seafood Licensing Regulation,https://www.bclaws.gov.bc.ca/civix/document/id/complete/statreg/261_2016,"Agriculture and Food; Water, Land and Resource Stewardship",2016-11-07
1,Federal,Regulations,Fisheries Act,Aboriginal Communal Fishing Licences Regulations,https://laws-lois.justice.gc.ca/eng/regulations/SOR-93-332/page-1.html,Minister of Fisheries and Oceans; Minister of the Environment,2025-05-05
13,Federal,Regulations,Fisheries Act,Aquaculture Activities Regulations,https://laws-lois.justice.gc.ca/eng/regulations/SOR-2015-177/page-1.html,Minister of Fisheries and Oceans; Minister of the Environment,2025-05-05
14,Federal,Regulations,Fisheries Act,Aquatic Invasive Species Regulations,https://laws-lois.justice.gc.ca/eng/regulations/SOR-2015-121/page-1.html,Minister of Fisheries and Oceans; Minister of the Environment,2025-05-05
16,Federal,Regulations,Fisheries Act,Authorizations Concerning Fish and Fish Habitat Protection Regulations,https://laws-lois.justice.gc.ca/eng/regulations/SOR-2019-286/page-1.html,Minister of Fisheries and Oceans; Minister of the Environment,2025-05-05
20,Federal,Regulations,Fisheries Act,"British Columbia Sport Fishing Regulations, 1996",https://laws-lois.justice.gc.ca/eng/regulations/SOR-96-137/page-1.html,Minister of Fisheries and Oceans; Minister of the Environment,2025-05-05
43,Federal,Regulations,Fisheries Act,Deposit Out of the Normal Course of Events Notification Regulations,https://laws-lois.justice.gc.ca/eng/regulations/SOR-2011-91/page-1.html,Minister of Fisheries and Oceans; Minister of the Environment,2025-09-29
72,Federal,Regulations,Fisheries Act,Fish Toxicant Regulations,https://laws-lois.justice.gc.ca/eng/regulations/SOR-88-258/page-1.html,Minister of Fisheries and Oceans; Minister of the Environment,2025-05-05
73,Federal,Act,Fisheries Act,Fisheries Act,https://laws-lois.justice.gc.ca/eng/acts/F-14/page-1.html,Minister of Fisheries and Oceans; Minister of the Environment,2025-09-29
75,Federal,Regulations,Fisheries Act,Fishery (General) Regulations,https://laws-lois.justice.gc.ca/eng/regulations/SOR-93-53/index.html,Minister of Fisheries and Oceans; Minister of the Environment,2025-05-05
84,Federal,Regulations,Fisheries Act,Foreign Vessel Fishing Regulations,"https://laws-lois.justice.gc.ca/eng/regulations/C.R.C.,_c._815/index.html",Minister of Fisheries and Oceans; Minister of the Environment,2025-05-05
111,Federal,Regulations,Fisheries Act,Management of Contaminated Fisheries Regulations,https://laws-lois.justice.gc.ca/eng/regulations/SOR-90-351/index.html,Minister of Fisheries and Oceans; Minister of the Environment,2025-03-17
113,Federal,Regulations,Fisheries Act,Marine Mammal Regulations,https://laws-lois.justice.gc.ca/eng/regulations/SOR-93-56/index.html,Minister of Fisheries and Oceans; Minister of the Environment,2025-03-17
114,Federal,Regulations,Fisheries Act,Meat and Poultry Products Plant Liquid Effluent Regulations,"https://laws-lois.justice.gc.ca/eng/regulations/C.R.C.,_c._818/index.html",Minister of Fisheries and Oceans; Minister of the Environment,2025-05-05
115,Federal,Regulations,Fisheries Act,Metal and Diamond Mining Effluent Regulations,https://laws-lois.justice.gc.ca/eng/regulations/SOR-2002-222/index.html,Minister of Fisheries and Oceans; Minister of the Environment,2025-03-17
132,Federal,Regulations,Fisheries Act,Pacific Aquaculture Regulations,https://laws-lois.justice.gc.ca/eng/regulations/SOR-2010-270/index.html,Minister of Fisheries and Oceans; Minister of the Environment,2025-03-31
133,Federal,Regulations,Fisheries Act,"Pacific Fishery Management Area Regulations, 2007",https://laws-lois.justice.gc.ca/eng/regulations/SOR-2007-77/index.html,Minister of Fisheries and Oceans; Minister of the Environment,2025-03-31
134,Federal,Regulations,Fisheries Act,Pacific Fishery Regulations 1993,https://laws-lois.justice.gc.ca/eng/regulations/SOR-93-54/index.html,Minister of Fisheries and Oceans; Minister of the Environment,2025-05-05
144,Federal,Regulations,Fisheries Act,Petroleum Refinery Liquid Effluent Regulations,"https://laws-lois.justice.gc.ca/eng/regulations/C.R.C.,_c._828/index.html",Minister of Fisheries and Oceans; Minister of the Environment,2025-03-17
154,Federal,Regulations,Fisheries Act,Pulp and Paper Effluent Regulations,https://laws-lois.justice.gc.ca/eng/regulations/SOR-92-269/index.html,Minister of Fisheries and Oceans; Minister of the Environment,2025-05-05
160,Federal,Regulations,Fisheries Act,Regulations Establishing Conditions for Making Regulations Under Subsection 36(5.2) of the Fisheries Act,https://laws-lois.justice.gc.ca/eng/regulations/SOR-2014-91/page-1.html,Minister of Fisheries and Oceans; Minister of the Environment,2025-03-31
183,Federal,Regulations,Fisheries Act,Wastewater Systems Effluent Regulations,https://laws-lois.justice.gc.ca/eng/regulations/SOR-2012-139/index.html,Minister of Fisheries and Oceans; Minister of the Environment,2025-09-29
74,Federal,Act,Fisheries Development Act,Fisheries Development Act,https://laws-lois.justice.gc.ca/eng/acts/F-21/index.html,Minister of Fisheries and Oceans,2025-05-05
76,Federal,Act,Fishing And Recreational Harbours Act,Fishing and Recreational Harbours Act,https://laws-lois.justice.gc.ca/eng/acts/F-24/index.html,Minister of Fisheries and Oceans,2025-03-17
77,Federal,Regulations,Fishing And Recreational Harbours Act,Fishing and Recreational Harbours Regulations,https://laws-lois.justice.gc.ca/eng/regulations/SOR-78-767/index.html,Minister of Fisheries and Oceans,2025-03-31
78,Provincial,Act,Fishing Collective Bargaining Act,Fishing Collective Bargaining Act,https://www.bclaws.gov.bc.ca/civix/document/id/complete/statreg/96150_01,Labour,2025-04-22
82,Provincial,Act,Flood Relief Act,Flood Relief Act,https://www.bclaws.gov.bc.ca/civix/document/id/complete/statreg/96151_01,"Water, Land and Resource Stewardship",2025-04-29
83,Federal,Act,Foreign Missions And International Organizations Act,Foreign Missions and International Organizations Act,https://laws-lois.justice.gc.ca/eng/acts/F-29.4/index.html,Minister of Foreign Affairs,2025-05-05
85,Provincial,Act,Forest Act,Forest Act,https://www.bclaws.gov.bc.ca/civix/content/complete/statreg/1198514681/96157/1707335304/?xsl=/templates/browse.xsl,Finance; Forests,2025-04-22
87,Provincial,Regulations,Forest And Range Practices Act,Forest Planning and Practices Regulation,https://www.bclaws.gov.bc.ca/civix/document/id/complete/statreg/14_2004,"Attorney General and Deputy Premier; Environment and Parks; Finance; Forests; Water, Land and Resource Stewardship",2004-01-23
89,Provincial,Regulations,Forest And Range Practices Act,Forest Service Road Use Regulation,https://www.bclaws.gov.bc.ca/civix/document/id/complete/statreg/70_2004,"Attorney General and Deputy Premier; Environment and Parks; Finance; Forests; Water, Land and Resource Stewardship",2004-02-27
86,Provincial,Act,Forest And Range Practices Act,Forest and Range Practices Act,https://www.bclaws.gov.bc.ca/civix/document/id/complete/statreg/02069_01,"Attorney General and Deputy Premier; Environment and Parks; Finance; Forests; Water, Land and Resource Stewardship",2025-05-20
92,Provincial,Regulations,Forest And Range Practices Act,Government Actions Regulation,https://www.bclaws.gov.bc.ca/civix/document/id/complete/statreg/582_2004,"Attorney General and Deputy Premier; Environment and Parks; Finance; Forests; Water, Land and Resource Stewardship",2004-12-13
104,Provincial,Regulations,Forest And Range Practices Act,Invasive Plants Regulation,https://www.bclaws.gov.bc.ca/civix/document/id/complete/statreg/18_2004,"Attorney General and Deputy Premier; Environment and Parks; Finance; Forests; Water, Land and Resource Stewardship",2004-01-23
158,Provincial,Regulations,Forest And Range Practices Act,Range Planning and Practices Regulation,https://www.bclaws.gov.bc.ca/civix/document/id/complete/statreg/19_2004,"Attorney General and Deputy Premier; Environment and Parks; Finance; Forests; Water, Land and Resource Stewardship",2004-01-23
195,Provincial,Regulations,Forest And Range Practices Act,Woodlot Licence Planning and Practices Regulation,https://www.bclaws.gov.bc.ca/civix/document/id/complete/statreg/21_2004,"Attorney General and Deputy Premier; Environment and Parks; Finance; Forests; Water, Land and Resource Stewardship",2004-01-23
153,Provincial,Regulations,Forest Practices Code Of British Columbia Act,Provincial Forest Use Regulation,https://www.bclaws.gov.bc.ca/civix/document/id/complete/statreg/176_95,,1995-04-12
90,Federal,Act,Freshwater Fish Marketing Act,Freshwater Fish Marketing Act,https://laws-lois.justice.gc.ca/eng/acts/F-13/index.html,Minister of Fisheries and Oceans,2025-05-05
93,Provincial,Act,Greenbelt Act,Greenbelt Act,https://www.bclaws.gov.bc.ca/civix/document/id/complete/statreg/96176_01,"Water, Land and Resource Stewardship",2025-04-29
96,Provincial,Act,Hydro And Power Authority Act,Hydro and Power Authority Act,https://www.bclaws.gov.bc.ca/civix/document/id/complete/statreg/96212_01,Energy and Climate Solutions,2025-04-29
97,Federal,Act,Impact Assessment Act,Impact Assessment Act,https://laws-lois.justice.gc.ca/eng/acts/I-2.75/index.html,Minister of the Environment,2025-05-05
130,Federal,Order,Impact Assessment Act,Order Designating Certain Excluded Classes of Projects,https://laws-lois.justice.gc.ca/eng/regulations/SOR-2025-60/index.html,Minister of the Environment,2025-05-05
145,Federal,Regulations,Impact Assessment Act,Physical Activities Regulations,https://laws-lois.justice.gc.ca/eng/regulations/SOR-2019-285/page-1.html,Minister of the Environment,2025-03-17
98,Provincial,Act,Integrated Pest Management Act,Integrated Pest Management Act,https://www.bclaws.gov.bc.ca/civix/document/id/complete/statreg/03058_01,Environment and Parks,2025-05-20
99,Provincial,Regulations,Integrated Pest Management Act,Integrated Pest Management Regulation,https://www.bclaws.gov.bc.ca/civix/document/id/complete/statreg/604_2004,Environment and Parks,2004-12-29
100,Federal,Regulations,International Boundary Waters Treaty Act,International Boundary Waters Regulations,https://laws-lois.justice.gc.ca/eng/regulations/SOR-2002-445/index.html,Minister of Foreign Affairs,2025-05-05
101,Federal,Act,International Boundary Waters Treaty Act,International Boundary Waters Treaty Act,https://laws-lois.justice.gc.ca/eng/acts/I-17/index.html,Minister of Foreign Affairs,2025-05-05
102,Federal,Act,International River Improvements Act,International River Improvements Act,https://laws-lois.justice.gc.ca/eng/acts/I-20/index.html,Minister of the Environment,2025-03-17
103,Federal,Regulations,International River Improvements Act,International River Improvements Regulations,"https://laws-lois.justice.gc.ca/eng/regulations/C.R.C.,_c._982/index.html",Minister of the Environment,2025-03-17
106,Provincial,Act,Land Act,Land Act,https://www.bclaws.gov.bc.ca/civix/document/id/complete/statreg/96245_01,"Water, Land and Resource Stewardship",2025-04-29
107,Provincial,Regulations,Land Act,Land Use Objectives Regulation,https://www.bclaws.gov.bc.ca/civix/document/id/complete/statreg/357_2005,"Water, Land and Resource Stewardship",2005-12-09
108,Provincial,Act,Libby Dam Reservoir Act,Libby Dam Reservoir Act,https://www.bclaws.gov.bc.ca/civix/document/id/complete/statreg/96262_01,"Water, Land and Resource Stewardship",2025-04-29
109,Federal,Act,Maanulth First Nations Final Agreement Act,Maanulth First Nations Final Agreement Act,https://laws-lois.justice.gc.ca/eng/acts/M-0.55/index.html,Minister of Indian Affairs and Northern Development,2025-05-05
117,Provincial,Act,Mines Act,Mines Act,https://www.bclaws.gov.bc.ca/civix/document/id/complete/statreg/96293_01,Mining and Critical Minerals,2025-04-29
125,Provincial,Act,Natural Resource Compliance Act,Natural Resource Compliance Act,https://www.bclaws.gov.bc.ca/civix/document/id/complete/statreg/11021_01,Forests,2025-04-29
126,Provincial,Regulations,Natural Resource Compliance Act,Natural Resource Officer Authority Regulation,https://www.bclaws.gov.bc.ca/civix/document/id/complete/statreg/38_2012,Forests,2012-03-08
18,Federal,Regulations,Oceans Act,Bowie Seamount Marine Protected Area Regulations,https://laws-lois.justice.gc.ca/eng/regulations/SOR-2008-124/index.html,Minister of Fisheries and Oceans,2025-03-31
80,Federal,Order,Oceans Act,"Fishing Zones of Canada (Zones 1, 2 and 3) Order","https://laws-lois.justice.gc.ca/eng/regulations/C.R.C.,_c._1547/index.html",Minister of Fisheries and Oceans,2025-03-31
81,Federal,Order,Oceans Act,Fishing Zones of Canada (Zones 4 and 5) Order,"https://laws-lois.justice.gc.ca/eng/regulations/C.R.C.,_c._1548/index.html",Minister of Fisheries and Oceans,2025-03-17
129,Federal,Act,Oceans Act,Oceans Act,https://laws-lois.justice.gc.ca/eng/acts/O-2.4/index.html,Minister of Fisheries and Oceans,2025-03-17
172,Federal,Order,Oceans Act,Territorial Sea Geographical Coordinates Order,"https://laws-lois.justice.gc.ca/eng/regulations/C.R.C.,_c._1550/page-1.html",Minister of Fisheries and Oceans,2025-03-17
31,Provincial,Regulations,Park Act,Class C Parks Regulations,https://www.bclaws.gov.bc.ca/civix/document/id/complete/statreg/227_67,Environment and Parks,2025-04-22
135,Provincial,Act,Park Act,Park Act,https://www.bclaws.gov.bc.ca/civix/document/id/complete/statreg/96344_01,Environment and Parks,2025-05-20
136,Provincial,Regulations,Park Act,"Park, Conservancy and Recreation Area Regulation",https://www.bclaws.gov.bc.ca/civix/document/id/complete/statreg/180_90_00,Environment and Parks,1990-06-08
137,Federal,Act,Parks Canada Agency Act,Parks Canada Agency Act,https://laws-lois.justice.gc.ca/eng/acts/P-0.4/index.html,Minister of the Environment,2025-03-17
142,Federal,Act,Pest Control Products Act,Pest Control Products Act,https://laws-lois.justice.gc.ca/eng/acts/P-9.01/index.html,Health Canada,2025-03-17
143,Federal,Regulations,Pest Control Products Act,Pest Control Products Regulations,https://laws-lois.justice.gc.ca/eng/regulations/SOR-2006-124/index.html,Health Canada,2025-03-31
146,Provincial,Act,Private Managed Forest Land Act,Private Managed Forest Land Act,https://www.bclaws.gov.bc.ca/civix/document/id/complete/statreg/03080_01,Forests,2025-05-20
147,Provincial,Regulations,Private Managed Forest Land Act,Private Managed Forest Land Council Matters Regulation,https://www.bclaws.gov.bc.ca/civix/document/id/complete/statreg/372_2004,Forests,2004-07-23
148,Provincial,Regulations,Private Managed Forest Land Act,Private Managed Forest Land Council Regulation,https://www.bclaws.gov.bc.ca/civix/document/id/complete/statreg/182_2007,Forests,2007-06-20
149,Provincial,Regulations,Private Managed Forest Land Act; Administrative Tribunals Act,Private Managed Forest Land Regulation,https://www.bclaws.gov.bc.ca/civix/document/id/complete/statreg/371_2004,,2004-07-23
5,Provincial,Regulations,Professional Governance Act,Agrologists Regulation,https://www.bclaws.gov.bc.ca/civix/document/id/complete/statreg/10_2021,Post-Secondary Education and Future Skills,2021-01-26
10,Provincial,Regulations,Professional Governance Act,Applied Biologists Regulation,https://www.bclaws.gov.bc.ca/civix/document/id/complete/statreg/13_2021,Post-Secondary Education and Future Skills,2021-01-26
11,Provincial,Regulations,Professional Governance Act,Applied Science Technologists and Technicians Regulation,https://www.bclaws.gov.bc.ca/civix/document/id/complete/statreg/12_2021,Post-Secondary Education and Future Skills,2021-01-26
60,Provincial,Regulations,Professional Governance Act,Engineers and Geoscientists Regulation,https://www.bclaws.gov.bc.ca/civix/document/id/complete/statreg/14_2021,Post-Secondary Education and Future Skills,2021-01-26
150,Provincial,Act,Professional Governance Act,Professional Governance Act,https://www.bclaws.gov.bc.ca/civix/document/id/complete/statreg/18047,Post-Secondary Education and Future Skills,2025-04-29
152,Provincial,Act,Protected Areas Of British Columbia Act,Protected Areas of British Columbia Act,https://www.bclaws.gov.bc.ca/civix/content/complete/statreg/1922970521/00017/2013893993/?xsl=/templates/browse.xsl,,2025-08-26
156,Provincial,Act,Railway Act,Railway Act,https://www.bclaws.gov.bc.ca/civix/document/id/complete/statreg/96395_01,"Transportation and Transit; Water, Land and Resource Stewardship",2025-04-29
157,Provincial,Act,Range Act,Range Act,https://www.bclaws.gov.bc.ca/civix/document/id/complete/statreg/04071_01,Finance; Forests,2025-04-22
159,Provincial,Regulations,Range Act,Range Regulation,https://www.bclaws.gov.bc.ca/civix/document/id/complete/statreg/116_2005,Finance; Forests,2005-03-18
163,Provincial,Act,Riparian Areas Protection Act,Riparian Areas Protection Act,https://www.bclaws.gov.bc.ca/civix/document/id/complete/statreg/97021_01,"Water, Land and Resource Stewardship",2025-05-20
164,Provincial,Regulations,Riparian Areas Protection Act,Riparian Areas Protection Regulation,https://www.bclaws.gov.bc.ca/civix/document/id/complete/statreg/178_2019,"Water, Land and Resource Stewardship",2019-07-19
140,Federal,Regulations,Species At Risk Act,Permits Authorizing an Activity Affecting Listed Wildlife Species Regulations,https://laws-lois.justice.gc.ca/eng/regulations/SOR-2013-140/index.html,Minister of the Environment,2025-03-31
166,Federal,Act,Species At Risk Act,Species at Risk Act,https://laws-lois.justice.gc.ca/eng/acts/S-15.3/index.html,Minister of the Environment,2025-05-05
173,Provincial,Act,The Hunting And Fishing Heritage Act,The Hunting and Fishing Heritage Act,https://www.bclaws.gov.bc.ca/civix/document/id/complete/statreg/02079_01,"Water, Land and Resource Stewardship",2025-04-29
174,Provincial,Act,Tla'amin Final Agreement Act,Tla'amin Final Agreement Act,https://laws-lois.justice.gc.ca/eng/acts/T-11.2/index.html,Minister of Aboriginal Affairs and Northern Development,2025-05-13
175,Provincial,Act,Transport Of Dangerous Goods Act,Transport of Dangerous Goods Act,https://www.bclaws.gov.bc.ca/civix/document/id/complete/statreg/96458_01,,2025-08-26
176,Provincial,Act,Transportation Act,Transportation Act,https://www.bclaws.gov.bc.ca/civix/document/id/complete/statreg/04044_01,Transportation and Transit,2025-08-26
177,Federal,Act,"Transportation Of Dangerous Goods Act, 1992","Transportation of Dangerous Goods Act, 1992",https://laws-lois.justice.gc.ca/eng/acts/T-19.01/index.html,,2025-09-29
179,Federal,Regulations,"Transportation Of Dangerous Goods Act, 1992",Transportation of Dangerous Goods Regulations,https://laws-lois.justice.gc.ca/eng/regulations/SOR-2001-286/index.html,,2025-09-29
178,Federal,Regulations,"Transportation Of Dangerous Goods Act, 1992",Transportation of Dangerous Goods by Rail Security Regulations,https://laws-lois.justice.gc.ca/eng/regulations/SOR-2019-113/index.html,,2025-09-29
180,Provincial,Act,Tsawwassen First Nation Final Agreement Act,Tsawwassen First Nation Final Agreement Act,https://laws-lois.justice.gc.ca/eng/acts/T-21.5/index.html,Minister of Indian Affairs and Northern Development,2025-08-26
185,Provincial,Act,Water Protection Act,Water Protection Act,https://www.bclaws.gov.bc.ca/civix/document/id/complete/statreg/96484_01,"Water, Land and Resource Stewardship",2025-08-26
40,Provincial,Regulations,Water Sustainability Act,Dam Safety Regulation,https://www.bclaws.gov.bc.ca/civix/document/id/complete/statreg/40_2016,"Water, Land and Resource Stewardship",2016-02-29
94,Provincial,Regulations,Water Sustainability Act,Groundwater Protection Regulation,https://www.bclaws.gov.bc.ca/civix/document/id/complete/statreg/39_2016,"Water, Land and Resource Stewardship",2016-02-29
184,Provincial,Regulations,Water Sustainability Act,Water Districts Regulation,https://www.bclaws.gov.bc.ca/civix/document/id/complete/statreg/38_2016,"Water, Land and Resource Stewardship",2016-02-29
186,Provincial,Act,Water Sustainability Act,Water Sustainability Act,https://www.bclaws.gov.bc.ca/civix/document/id/complete/statreg/14015,"Water, Land and Resource Stewardship",2025-08-26
187,Provincial,Regulations,Water Sustainability Act,Water Sustainability Regulation,https://www.bclaws.gov.bc.ca/civix/document/id/complete/statreg/36_2016,"Water, Land and Resource Stewardship",2016-02-29
188,Provincial,Act,Water Utility Act,Water Utility Act,https://www.bclaws.gov.bc.ca/civix/document/id/complete/statreg/96485_01,"Water, Land and Resource Stewardship",2025-08-26
189,Provincial,Act,Weed Control Act,Weed Control Act,,Forests,2025-08-26
190,Provincial,Regulations,Weed Control Act,Weed Control Regulation,https://www.bclaws.gov.bc.ca/civix/document/id/complete/statreg/66_85,Forests,1985-03-15
6,Provincial,Regulations,Wildlife Act,Angling and Scientific Collection Regulation,https://www.bclaws.gov.bc.ca/civix/document/id/complete/statreg/125_90,"Water, Land and Resource Stewardship",1990-03-30
38,Provincial,Regulations,Wildlife Act,Controlled Alien Species Regulation,https://www.bclaws.gov.bc.ca/civix/document/id/complete/statreg/94_2009,"Water, Land and Resource Stewardship",2009-03-13
44,Provincial,Regulations,Wildlife Act,Designation of Officers Regulation,https://www.bclaws.gov.bc.ca/civix/document/id/complete/statreg/305_2002,"Water, Land and Resource Stewardship",2002-11-20
91,Provincial,Regulations,Wildlife Act,Freshwater Fish Regulation,https://www.bclaws.gov.bc.ca/civix/document/id/complete/statreg/261_83,"Water, Land and Resource Stewardship",1983-07-15
112,Provincial,Regulations,Wildlife Act,Management Unit Regulation,https://www.bclaws.gov.bc.ca/civix/document/id/complete/statreg/64_96,"Water, Land and Resource Stewardship",1996-03-08
139,Provincial,Regulations,Wildlife Act,Permit Regulation,https://www.bclaws.gov.bc.ca/civix/document/id/complete/statreg/253_2000#section2.1,"Water, Land and Resource Stewardship",2000-07-07
193,Provincial,Act,Wildlife Act,Wildlife Act,https://www.bclaws.gov.bc.ca/civix/document/id/complete/statreg/96488_01,"Water, Land and Resource Stewardship",2025-08-26
191,Provincial,Regulations,Wildlife Act,Wildlife Act Commercial Activities Regulation,https://www.bclaws.gov.bc.ca/civix/document/id/complete/statreg/338_82,"Water, Land and Resource Stewardship",1982-07-30
192,Provincial,Regulations,Wildlife Act,Wildlife Act General Regulation,https://www.bclaws.gov.bc.ca/civix/document/id/complete/statreg/340_82,"Water, Land and Resource Stewardship",1982-07-30
194,Provincial,Regulations,Wildlife Act,Wildlife Management Areas Regulation,https://www.bclaws.gov.bc.ca/civix/document/id/complete/statreg/12_2015,"Water, Land and Resource Stewardship",2015-01-21
196,Federal,Act,"Wrecked, Abandoned Or Hazardous Vessels Act","Wrecked, Abandoned or Hazardous Vessels Act",https://laws-lois.justice.gc.ca/eng/acts/W-12.3/index.html,Minister of Transport,2025-09-29
